shipment_id,vendor,product,revenue,duty_expense,tax_expense,total_landed_cost,hsn_code,category,status,invoice_date,risk_score,risk_level,origin,destination
SHN-08897710,SuperStore,"Canon Fax Machine, High-Speed",5265.950000000001,526.5950000000001,1042.6581,6835.203100000001,TEC-CO-3688,Raw Materials,Paid,2012-10-20,15,Low,Mexico,Mexico
SHN-869DAED5,SuperStore,"Hon Rocking Chair, Adjustable",6522.389999999999,652.239,1291.4332199999997,8466.062219999998,FUR-CH-4681,Raw Materials,Paid,2012-11-17,15,Low,China,China
SHN-527FBEA0,SuperStore,Xerox 1916,156.6,15.66,31.0068,203.2668,OFF-PA-6468,Raw Materials,Paid,2012-07-31,15,Low,United States,United States
SHN-10D73BFD,SuperStore,"SanDisk Memory Card, USB",7207.68,720.768,1427.12064,9355.568640000001,TEC-AC-5875,Raw Materials,Paid,2012-10-05,15,Low,New Zealand,New Zealand
SHN-85D22F58,SuperStore,"Brother Wireless Fax, Laser",9073.26,907.326,1796.5054799999998,11777.09148,TEC-CO-3611,Office Rent,Paid,2012-06-12,5,Low,Cuba,Cuba
SHN-268C6F0B,"Furnishings, Furniture",DAX Wood Document Frame,54.92,5.492000000000001,10.87416,71.28616000000001,FUR-FU-3924,Raw Materials,Paid,2012-05-03,15,Low,,United States
SHN-21AB5241,SuperStore,"Motorola Audio Dock, with Caller ID",589.46,58.946000000000005,116.71308,765.11908,TEC-PH-5249,Logistics Fees,Paid,2012-12-08,5,Low,USA,France
SHN-BAB345A1,SuperStore,"Brother Wireless Fax, Digital Copiers, Technology, TEC-CO-3609",9461.25,946.125,1873.3274999999999,12280.7025,,Raw Materials,Paid,2012-09-26,15,Low,United Kingdom,England
SHN-AFAE8D6D,SuperStore,"GBC White Gloss Covers, Plain Front",72.4,7.240000000000001,14.3352,93.9752,OFF-BI-4377,Raw Materials,Paid,2012-11-17,15,Low,United States,United States
SHN-82F19130,SuperStore,"Cisco Speaker Phone, with Caller ID",1246.32,224.33759999999998,264.718368,1735.375968,8517,Raw Materials,Paid,2012-10-05,15,Low,India,India
SHN-DED745D7,SuperStore,"Hoover Stove, Black",7541.72,754.172,1493.26056,9789.15256,OFF-AP-4742,Raw Materials,Paid,2012-12-05,15,Low,Indonesia,Indonesia
SHN-46468593,SuperStore,"Smead Lockers, Wire Frame",7109.64,710.964,1407.70872,9228.31272,OFF-ST-6049,Raw Materials,Paid,2013-02-01,15,Low,China,USA
SHN-89430F02,SuperStore,"Safco Library with Doors, Pine",19165.86,1916.5860000000002,3794.84028,24877.28628,,Raw Materials,Pending,2013-02-05,15,Low,India,India
SHN-2A7E06A1,SuperStore,"Bush Library with Doors, Metal",5820.48,582.048,1152.4550399999998,7554.983039999999,None,Raw Materials,Paid,2012-08-03,15,Low,India,India
SHN-60BF224E,"Machines, Technology, TEC-MA-5507","Okidata Phone, Red",5376.0,537.6,1064.448,6978.048000000001,,Raw Materials,Pending,2012-06-09,15,Low,Japan,Japan
SHN-18910BC7,Rob Dowd,"Breville Microwave, Red",4827.36,482.736,955.8172799999999,6265.91328,OFF-AP-3571,Raw Materials,Paid,2012-11-02,15,Low,Spain,Spain
SHN-B00A9BE8,SuperStore,"Safco Library with Doors, Traditional",12629.16,1262.9160000000002,2500.57368,16392.649680000002,FUR-BO-5788,Raw Materials,Paid,2012-09-20,15,Low,Honduras,Honduras
SHN-C3952627,SuperStore,"Logitech Memory Card, Erganomic",10119.0,1011.9000000000001,2003.562,13134.462,TEC-AC-5122,Raw Materials,Paid,2012-03-06,15,Low,Saudi Arabia,Saudi Arabia
SHN-31653277,,,0.0,0.0,0.0,0.0,,,Paid,2023-06-05,5,Low,,
SHN-DFC8EED9,SuperStore,"Rogers Lockers, Single Width",8607.83,860.783,1704.3503399999997,11172.963339999998,OFF-ST-5702,Raw Materials,Paid,2013-01-01,15,Low,Indonesia,Indonesia
SHN-BA2567A4,SuperStore,Case Logic 2.4GHz Wireless Keyboard,199.96,19.996000000000002,39.59208,259.54808,TEC-AC-3748,Raw Materials,Pending,2012-07-22,15,Low,,United States
SHN-873C0927,,,0.0,0.0,0.0,0.0,,,Paid,2023-06-05,5,Low,,
SHN-94D2A523,SuperStore,"Apple Smart Phone, Cordless",2545.2,254.51999999999998,503.9495999999999,3303.6695999999997,TEC-PH-3147,Raw Materials,Paid,2012-11-06,15,Low,Bulgaria,Bulgaria
SHN-161DB520,SuperStore,"Dania Library with Doors, Metal",23448.51,2344.851,4642.804979999999,30436.165979999998,,Raw Materials,Paid,2012-08-02,15,Low,South Korea,South Korea
SHN-ACEA3803,SuperStore,"KitchenAid Stove, Red",8210.16,821.0160000000001,1625.6116799999998,10656.78768,OFF-AP-4965,Raw Materials,Paid,2012-06-01,15,Low,United Kingdom,United Kingdom
SHN-EC60A9D2,Tom Prescott,"SAFCO Executive Leather Armchair, Adjustable",1237.12,123.71199999999999,244.94975999999997,1605.7817599999998,FUR-CH-5773,Raw Materials,Paid,2012-02-09,15,Low,Cuba,Cuba
SHN-F1C185CD,SuperStore,"Smead Lockers, Wire Frame",1184.94,118.49400000000001,234.61811999999998,1538.0521199999998,OFF-ST-6049,Raw Materials,Paid,2012-06-05,15,Low,Cuba,Cuba
SHN-49AE8C36,"Accessories, Technology, TEC-AC-5894","SanDisk Router, Bluetooth",4101.6,410.1600000000001,812.1168,5323.8768,,Logistics Fees,Paid,2012-05-12,5,Low,Italy,Italy
SHN-3E96BE24,SuperStore,"Tenex File Cart, Single Width",3018.6000000000004,301.86000000000007,597.6828,3918.1428000000005,OFF-ST-6248,Office Rent,Paid,2012-11-09,5,Low,Germany,Germany
SHN-24D80B3C,SuperStore,"Nokia Smart Phone, Full Size",2544.24,254.42399999999998,503.75951999999995,3302.42352,TEC-PH-5355,Raw Materials,Paid,2012-05-22,15,Low,,New Zealand
SHN-5699F287,"Machines, Technology, TEC-MA-6131",Star Micronics TSP800 TSP847IIU Receipt Printer,1372.64,137.264,271.78272,1781.68672,,Raw Materials,Paid,2012-09-28,15,Low,,United States
SHN-597EB70A,SuperStore,"Newell Art, Office Supplies, OFF-AR-5292",5651.1,565.11,1118.9178,7335.1278,OFF-AR-5292,Raw Materials,Paid,2012-07-13,15,Low,,United States
SHN-56E98595,,,0.0,0.0,0.0,0.0,,,Paid,2023-06-05,5,Low,,
SHN-9855E8FC,SuperStore,"Dania Library with Doors, Traditional",1304.64,130.46400000000003,258.31872,1693.42272,FUR-BO-3904,Raw Materials,Paid,2012-01-15,15,Low,France,France
SHN-6D39D6D2,"Chairs, Furniture, FUR-CH-5447","Office Star Rocking Chair, Black",1246.32,124.632,246.77136,1617.72336,,Office Rent,Pending,2012-12-07,5,Low,China,China
SHN-939FEDD2,Dianna Arnett,"Hoover Stove, Red",2273.88,227.38800000000003,450.22823999999997,2951.49624,OFF-AP-4743,Office Rent,Paid,2012-12-21,5,Low,India,India
SHN-58B7E43B,"Appliances, Office Supplies","KitchenAid Stove, Red",2565.69,256.569,508.00662,3330.26562,OFF-AP-4965,Raw Materials,Paid,2012-12-12,15,Low,,Portugal
SHN-6F2C7718,SuperStore,"Barricks Coffee Table, Adjustable Height",2429.52,242.952,481.04495999999995,3153.51696,FUR-TA-3336,Raw Materials,Paid,2012-11-18,15,Low,Greece,Greece
SHN-10FD6075,SuperStore,"Brother Fax Machine, Laser",7963.5,796.35,1576.773,10336.623,HQ-TE-3598,Office Rent,Paid,2012-09-08,5,Low,Austria,Austria
SHN-6765547D,SuperStore,"Epson Inkjet, Durable Machines, Technology, TEC-MA-4197",2759.67,275.96700000000004,546.41466,3582.05166,TEC-MA-4197,Raw Materials,Pending,2013-01-08,15,Low,Germany,Germany
SHN-36E33718,SuperStore,"Apple Smart Phone, Full Size",10603.5,1060.3500000000001,2099.493,13763.343,TEC-PH-3148,Raw Materials,Pending,2012-10-25,15,Low,Mexico,Mexico
SHN-07FCD82C,SuperStore,"Logitech Keyboard, Programmable",5989.95,598.995,1186.0101,7774.955099999999,TEC-AC-5117,Raw Materials,Paid,2012-09-05,15,Low,Italy,Italy
SHN-5187EDC1,"Chairs, Furniture, FUR-CH-5441","Office Star Executive Leather Armchair, Adjustable",12029.92,1202.992,2381.92416,15614.83616,,Office Rent,Paid,2012-07-31,5,Low,Turkey,Turkey
SHN-603DD4D5,SuperStore,"Smead Lockers, Industrial",6444.36,644.436,1275.98328,8364.779279999999,OFF-ST-6047,Raw Materials,Paid,2012-05-11,15,Low,Spain,Spain
SHN-85A7BA25,"Copiers, Technology, TEC-CO-3684","Canon Fax and Copier, High-Speed",12130.56,1213.056,2401.85088,15745.46688,,Raw Materials,Paid,2012-12-19,15,Low,Bangladesh,Bangladesh
SHN-F1E435A4,SuperStore,"Novimex Executive Leather Armchair, Red",15033.199999999999,1503.32,2976.5736,19513.0936,FUR-CH-5380,Raw Materials,Paid,2012-10-05,15,Low,Brazil,Brazil
SHN-5FA5CC9B,SuperStore,"Samsung Smart Phone, VoIP",8483.2,848.3200000000002,1679.6736,11011.1936,TEC-PH-5841,Raw Materials,Paid,2012-12-27,15,Low,Dominican Republic,Santo Domingo
SHN-6F936232,SuperStore,"Sharp Wireless Fax, Digital",3200.04,320.004,633.6079199999999,4153.65192,"Copiers, Technology, TEC-CO-6010",Raw Materials,Paid,2012-12-27,15,Low,India,India
SHN-B209C7A7,SuperStore,"Samsung Smart Phone, VoIP",10604.0,1060.4,2099.5919999999996,13763.991999999998,TEC-PH-5841,Raw Materials,Paid,2012-12-12,15,Low,Mexico,Mexico
SHN-A7211AD7,SuperStore,Acco D-Ring Binder w/DublLock,209.51,20.951,41.48298,271.94398,OFF-BI-2905,Office Rent,Paid,2012-07-13,5,Low,United States,United States
SHN-70E36F33,Raymond Messe,"Novimex Executive Leather Armchair, Red",11505.0,1150.5,2277.99,14933.49,FUR-CH-5380,Raw Materials,Paid,2012-10-27,15,Low,India,India
SHN-DE644F4C,SuperStore,"Smead Lockers, Single Width",2857.68,285.768,565.8206399999999,3709.26864,OFF-ST-6048,Raw Materials,Paid,2012-12-25,15,Low,Spain,Spain
SHN-B3EE1168,SuperStore,"Hewlett Fax Machine, Laser",1279.68,127.96800000000002,253.37664,1661.02464,"Copiers, Technology, TEC-CO-4578",Raw Materials,Paid,2013-01-15,15,Low,,Malaysia
SHN-E02B914B,"Binders, Office Supplies",Ibico Laser Imprintable Binding System Covers,377.28000000000003,37.728,74.70144,489.70944000000003,OFF-BI-4831,Raw Materials,Pending,2012-03-02,15,Low,United States,United States
SHN-47BB788F,SuperStore,Advantus Rolling Drawer Organizers,1885.52,188.55200000000002,373.33296,2447.4049600000003,OFF-ST-3058,Raw Materials,Pending,2012-12-06,15,Low,,United States
SHN-0C5201ED,SuperStore,"Nokia Smart Phone, with Caller ID",10222.56,1022.256,2024.0668799999996,13268.88288,TEC-PH-5356,Raw Materials,Pending,2012-07-18,15,Low,Malaysia,Malaysia
SHN-AD6D4DC0,SuperStore,"Hewlett Wireless Fax, Color",2285.19,228.519,452.46761999999995,2966.1766199999997,TEC-CO-4590,Raw Materials,Paid,2012-05-30,15,Low,Mexico,Mexico
SHN-A4DCF342,SuperStore,"SAFCO Executive Leather Armchair, Red",4152.87,415.28700000000003,822.2682599999999,5390.42526,FUR-CH-5775,Raw Materials,Paid,2012-01-11,15,Low,United Kingdom,United Kingdom
SHN-9CACF05C,SuperStore,"Hoover Microwave, Red",9999.960000000001,999.9960000000001,1979.9920800000002,12979.948080000002,OFF-AP-4731,Raw Materials,Paid,2012-09-07,15,Low,France,France
SHN-73871092,John Huston,"Cisco Smart Phone, Full Size",16317.0,1631.7,3230.766,21179.466,TEC-PH-3806,Raw Materials,Paid,2013-02-01,15,Low,Germany,Germany
SHN-03718BFB,SuperStore,"Samsung Smart Phone, Cordless",2300.3999999999996,230.03999999999996,455.47919999999993,2985.9191999999994,TEC-PH-5839,Raw Materials,Paid,2012-09-08,15,Low,,Honduras
SHN-55B0F9D9,SuperStore,"Hamilton Beach Stove, White",2432.16,243.216,481.56767999999994,3156.94368,OFF-AP-4508,Raw Materials,Paid,2012-02-28,15,Low,Korea,South Korea
SHN-E583D8BD,OFF-BI-3278,Avery Hanging File Binders,43.05,4.305,8.5239,55.878899999999994,,Raw Materials,Paid,2012-12-28,15,Low,United States,United States
SHN-2B1DA2EE,SuperStore,"Breville Stove, White",2238.72,223.87199999999999,443.2665599999999,2905.8585599999997,OFF-AP-3581,Office Rent,Paid,2012-09-05,5,Low,United Kingdom,United Kingdom
SHN-05151003,SuperStore,"Hoover Microwave, White",276.1,27.610000000000003,54.66780000000001,358.37780000000004,OFF-AP-4733,Raw Materials,Paid,2012-01-03,15,Low,,Australia
SHN-05DD4295,"Storage, Office Supplies","Hot File 7-Pocket, Floor Stand",142.78,14.278,28.270439999999997,185.32844,OFF-ST-4752,Office Rent,Paid,2012-03-14,5,Low,United States,United States
SHN-B7D586A2,Noah Childs,"Belkin Router, Erganomic",36944.64,3694.464,7315.03872,47954.142719999996,TEC-AC-3403,Raw Materials,Pending,2012-05-12,15,Low,Bangladesh,Bangladesh
SHN-6FB996BC,SuperStore,"Bush Classic Bookcase, Traditional",1650.72,165.072,326.84256,2142.63456,FUR-BO-3627,Raw Materials,Paid,2012-01-20,15,Low,Unknown,Angola
SHN-3FE24C6D,SuperStore,"Sauder Classic Bookcase, Traditional",6975.84,697.5840000000001,1381.21632,9054.64032,FUR-BO-5951,Raw Materials,Paid,2012-02-15,15,Low,Japan,Japan
SHN-AD23F585,SuperStore,"Hoover Microwave, Black",2772.63,277.26300000000003,548.98074,3598.87374,OFF-AP-4730,Raw Materials,Paid,2012-08-17,15,Low,China,China
SHN-4C0D82A8,SuperStore,"Canon Fax Machine, Color",5319.85,531.985,1053.3303,6905.165300000001,"Copiers, Technology, TEC-CO-3686",Raw Materials,Paid,2012-04-03,15,Low,Brazil,Brazil
SHN-C12EE4CB,SuperStore,"BIC Brite Liner Highlighters, Chisel Tip",162.0,16.2,32.07599999999999,210.27599999999998,OFF-AR-3446,Office Rent,Paid,2012-06-29,5,Low,,United States
SHN-4E2D61CB,SuperStore,"Epson Inkjet, Durable Machines, Technology, TEC-MA-4197",1226.52,122.652,242.85096,1592.02296,TEC-MA-4197,Raw Materials,Paid,2012-02-25,15,Low,Algeria,Algeria
SHN-5DF156C2,SuperStore,"Bush Classic Bookcase, Traditional",1650.72,165.072,326.84256,2142.63456,FUR-BO-3627,Raw Materials,Paid,2012-01-22,15,Low,,Italy
SHN-D5E93282,SuperStore,"Sauder 3-Shelf Cabinet, Metal",664.56,66.456,131.58288,862.59888,Furniture,Raw Materials,Paid,2012-11-21,15,Low,India,India
SHN-66C67ABC,Rick Reed,"Samsung Smart Phone, VoIP",4241.6,424.1600000000001,839.8368,5505.5968,TEC-PH-5841,Raw Materials,Paid,2012-12-27,15,Low,Brazil,Brazil
SHN-B99955B7,SuperStore,"Konica Card Printer, Red",9153.6,915.3600000000001,1812.4128,11881.372800000001,TEC-MA-5003,Raw Materials,Paid,2013-02-09,15,Low,Indonesia,Indonesia
SHN-0B83B91A,Dean percer,"Nokia Smart Phone, Cordless",51528.15,5152.8150000000005,10202.5737,66883.5387,TEC-PH-5354,Raw Materials,Pending,2012-11-10,15,Low,China,Gansu
SHN-AAAE5576,Stuart Calhoun,"Hewlett Copy Machine, High-Speed",10981.88,1098.1879999999999,2174.4122399999997,14254.480239999999,TEC-CO-4569,Raw Materials,Paid,2012-08-17,15,Low,France,France
SHN-DA29F881,SuperStore,"Hamilton Beach Stove, Silver",2606.84,260.684,516.1543200000001,3383.6783200000004,OFF-AP-4507,Raw Materials,Paid,2012-07-06,15,Low,Nigeria,Nigeria
SHN-D473131F,SuperStore,"Bevis Computer Table, Fully Assembled",1384.66,138.466,274.16268,1797.28868,FUR-TA-3418,Raw Materials,Paid,2012-02-02,15,Low,China,United States
SHN-8C5A00A8,SuperStore,Permanent Self-Adhesive File Folder Labels for Typewriters,10.44,1.044,2.06712,13.551120000000001,OFF-LA-5591,Office Rent,Paid,2012-11-15,5,Low,United States,United States
SHN-249ACE65,"Machines, Technology, TEC-MA-5543","Panasonic Card Printer, Red",2735.52,410.328,566.2526399999999,3712.1006399999997,8471,Raw Materials,Paid,2013-01-22,15,Low,India,India
SHN-03DA5D1B,SuperStore,"Hewlett Fax Machine, Color",5141.76,514.176,1018.06848,6674.0044800000005,"Copiers, Technology, TEC-CO-4575",Logistics Fees,Paid,2012-11-24,5,Low,Morocco,Morocco
SHN-E750BAE7,Troy Staebel,"Motorola Smart Phone, Cordless",10284.48,1028.448,2036.32704,13349.25504,TEC-PH-5267,Raw Materials,Pending,2012-01-31,15,Low,New Zealand,New Zealand
SHN-F9804850,SuperStore,"Sharp Copy Machine, Color",2138.3999999999996,213.83999999999997,423.40319999999997,2775.6431999999995,"Copiers, Technology, TEC-CO-5990",Raw Materials,Paid,2012-08-02,15,Low,China,China
SHN-29C2011C,SuperStore,"Hoover Coffee Grinder, Silver",2271.64,227.164,449.78472,2948.58872,OFF-AP-4724,Raw Materials,Paid,2012-06-03,15,Low,Brazil,Brazil
SHN-1DB2492E,SuperStore,"Fellowes File Cart, Single Width",1112.46,111.24600000000001,220.26708000000002,1443.9730800000002,OFF-ST-4259,Office Rent,Paid,2012-12-01,5,Low,France,France
SHN-02CFB08B,SuperStore,"Brother Fax Machine, Digital",9354.519999999999,935.4519999999999,1852.1949599999996,12142.166959999997,"Copiers, Technology, TEC-CO-3596",Raw Materials,Paid,2012-11-24,15,Low,Australia,Australia
SHN-0892A869,SuperStore,Xerox 1909,84.42,8.442,16.715159999999997,109.57715999999999,OFF-PA-6460,Raw Materials,Paid,2012-12-05,15,Low,,United States
SHN-7171FECE,SuperStore,"Sauder 3-Shelf Cabinet, Mobile",10828.8,1082.8799999999999,2144.1023999999998,14055.782399999998,FUR-BO-5941,Raw Materials,Paid,2012-06-02,15,Low,China,China
SHN-D53ADB96,SuperStore,"Tenex Frame, Duo Pack",7042.56,704.2560000000001,1394.42688,9141.242880000002,FUR-FU-6254,Raw Materials,Paid,2012-11-27,15,Low,Romania,Romania
SHN-FC5B4937,Brad Eason,"Cisco Audio Dock, Cordless",1664.28,166.428,329.52744,2160.23544,TEC-PH-3784,Raw Materials,Paid,2012-03-03,15,Low,China,
SHN-6976DD6A,SuperStore,"Brother Fax Machine, High-Speed",7411.74,741.174,1467.52452,9620.43852,TC-1234,Logistics Fees,Paid,2012-02-15,5,Low,Philippines,Philippines
SHN-D00A7C91,SuperStore,Xerox 1981,84.48,8.448,16.72704,109.65504,OFF-PA-6539,Raw Materials,Paid,2012-12-28,15,Low,United States,United States
SHN-DB7253BC,SuperStore,"Novimex Swivel Stool, Black",5795.79,579.5790000000001,1147.5664199999999,7522.93542,FUR-CH-5412,Raw Materials,Paid,2012-11-17,15,Low,Indonesia,Indonesia
SHN-F5AC4FE6,SuperStore,DIXON Ticonderoga Erasable Checking Pencils,111.6,11.16,22.096799999999998,144.8568,OFF-AR-3973,Office Rent,Paid,2012-05-09,5,Low,,United States
SHN-AF3A2DF9,SuperStore,"KitchenAid Refrigerator, Black",437.72,43.772000000000006,86.66856,568.16056,OFF-AP-4960,Raw Materials,Paid,2012-09-25,15,Low,Myanmar,Myanmar
SHN-08E17150,SuperStore,"Okidata Inkjet, Wireless Machines, Technology, TEC-MA-5503",1256.88,125.68800000000002,248.86224000000004,1631.4302400000001,TEC-MA-5503,Raw Materials,Paid,2012-06-27,15,Low,United Kingdom,Scotland
SHN-6F2D857D,SuperStore,"Cisco Smart Phone, with Caller ID",2224.42,222.442,440.43516,2887.29716,TEC-PH-3807,Logistics Fees,Paid,2012-12-14,5,Low,,France
SHN-E0439942,SuperStore,"Newell Art, Office Supplies",9.24,0.924,1.8295199999999998,11.99352,OFF-AR-5302,Raw Materials,Paid,2012-07-22,15,Low,,United States
SHN-8F901CA1,SuperStore,Acme Titanium Bonded Scissors,6.8,0.68,1.3463999999999998,8.8264,OFF-SU-3000,Office Rent,Paid,2012-08-22,5,Low,,United States
SHN-5CC0A23D,SuperStore,"Barricks Computer Table, with Bottom Storage",27217.71,2721.771,5389.10658,35328.58758,FUR-TA-3342,Raw Materials,Paid,2012-12-21,15,Low,Australia,Australia
SHN-5F7B63A9,SuperStore,"KitchenAid Stove, Silver",9515.0,951.5,1883.97,12350.47,OFF-AP-4966,Raw Materials,Paid,2013-03-06,15,Low,El Salvador,El Salvador
SHN-3D783121,SuperStore,"Hoover Microwave, Black",1232.28,123.22800000000001,243.99144,1599.49944,OFF-AP-4730,Raw Materials,Paid,2012-03-30,15,Low,Russia,Russia
SHN-68AB5EC5,SuperStore,"Hoover Stove, Black",24230.4,2423.0400000000004,4797.6192,31451.059200000003,OFF-AP-4742,Raw Materials,Paid,2012-01-05,15,Low,Mexico,Mexico
SHN-F94A5A02,SuperStore,"Samsung Speaker Phone, Cordless",1344.96,134.496,266.30208,1745.75808,TEC-PH-5843,Logistics Fees,Paid,2012-11-01,5,Low,Mexico,Mexico
SHN-1FC18636,Astrea Jones,"Rubbermaid Frame, Erganomic",3906.3599999999997,390.63599999999997,773.4592799999998,5070.455279999999,FUR-FU-5730,Raw Materials,Paid,2013-02-06,15,Low,France,France
SHN-3692166B,SuperStore,"Avery Labels, Office Supplies, OFF-LA-3201",1392.98,139.298,275.81004,1808.08804,OFF-LA-3201,Raw Materials,Paid,2012-01-11,15,Low,,United States
SHN-518257BC,OFF-AP-3574,"Breville Refrigerator, Black",4980.08,498.00800000000004,986.0558399999999,6464.14384,,Raw Materials,Paid,2012-05-30,15,Low,Australia,Australia
SHN-0EE6B83E,SuperStore,"Dania Classic Bookcase, Pine",9890.64,989.064,1958.3467199999998,12838.05072,FUR-BO-3891,Raw Materials,Paid,2012-01-04,15,Low,Brazil,Brazil
SHN-7D0618BF,SuperStore,"Sharp Copy Machine, Laser",1431.3600000000001,143.13600000000002,283.40928,1857.9052800000002,"Copiers, Technology, TEC-CO-5992",Raw Materials,Paid,2012-09-27,15,Low,,El Salvador
SHN-F37E961D,"Binders, Office Supplies, OFF-BI-4885",Insertable Tab Post Binder Dividers,21.66,2.166,4.28868,28.11468,,Office Rent,Paid,2012-03-14,5,Low,United States,United States
SHN-D65270BE,"Copiers, Technology, TEC-CO-3591","Brother Fax and Copier, Color",6945.48,694.548,1375.2050399999998,9015.23304,,Raw Materials,Pending,2012-07-31,15,Low,China,China
SHN-AD2D0FFA,SuperStore,"KitchenAid Refrigerator, Silver",2114.76,211.47600000000003,418.72248,2744.9584800000002,OFF-AP-4962,Raw Materials,Paid,2012-05-01,15,Low,China,China
SHN-0AA68AC1,Vivek Grady,"Novimex Executive Leather Armchair, Adjustable",1822.08,182.208,360.77184,2365.05984,FUR-CH-5378,Raw Materials,Paid,2012-08-01,15,Low,India,India
SHN-BAE585B3,SuperStore,"Eldon File Cart, Industrial",3069.36,306.93600000000004,607.73328,3984.02928,OFF-ST-4056,Raw Materials,Paid,2012-10-06,15,Low,Mexico,Mexico
SHN-1D79EEA5,SuperStore,"Dania Classic Bookcase, Traditional",6846.0,684.6,1355.508,8886.108,FUR-BO-3892,Raw Materials,Paid,2012-09-08,15,Low,Brazil,Brazil
SHN-7C9FD7D2,SuperStore,"Strathmore #10 Envelopes, Ultimate White",474.39,47.439,93.92921999999999,615.7582199999999,OFF-EN-6212,Office Supplies,Pending,2012-05-09,5,Low,,United States
SHN-BE841139,SuperStore,Smead Alpha-Z Color-Coded Second Alphabetical Labels and Starter Set,27.72,2.7720000000000002,5.48856,35.98056,OFF-LA-6022,Office Rent,Paid,2013-02-17,5,Low,United States,United States
SHN-F9FDB35C,SuperStore,Xerox 1966,5.18,0.518,1.0256399999999999,6.72364,OFF-PA-6522,Office Rent,Paid,2012-03-16,5,Low,United States,United States
SHN-590B51AE,SuperStore,"Konica Card Printer, Red",4308.0,430.8,852.984,5591.784000000001,TEC-MA-5003,Raw Materials,Paid,2012-09-15,15,Low,Germany,Germany
SHN-7E470C79,SuperStore,"Hon Rocking Chair, Black",8204.16,820.416,1624.4236799999999,10648.999679999999,FUR-CH-4682,Raw Materials,Paid,2013-02-20,15,Low,Ukraine,Ukraine
SHN-D44CBFA4,SuperStore,"Novimex Executive Leather Armchair, Black",7632.5,763.25,1511.235,9906.985,FUR-CH-5379,Raw Materials,Paid,2012-10-02,15,Low,Brazil,Brazil
SHN-7999CB9D,"Machines, Technology, TEC-MA-6138","StarTech Card Printer, White",3643.0,364.3,721.314,4728.6140000000005,,Raw Materials,Paid,2012-06-23,15,Low,Australia,Australia
SHN-E48F516F,SuperStore,"KitchenAid Stove, Black",2278.32,227.83200000000002,451.10735999999997,2957.25936,OFF-AP-4964,Raw Materials,Paid,2012-10-12,15,Low,India,India
SHN-D1A251A9,SuperStore,"Motorola Signal Booster, Cordless",3503.5199999999995,350.352,693.6969599999999,4547.56896,TEC-PH-5263,Raw Materials,Paid,2012-07-12,15,Low,Guatemala,Guatemala
SHN-E29D2B18,OFF-AP-4966,"KitchenAid Stove, Silver",41618.61,4161.861,8240.484779999999,54020.95578,,Raw Materials,Paid,2012-06-06,15,Low,Australia,Australia
SHN-F9894DA8,Frank Merwin,"StarTech Inkjet, Wireless",1086.38,108.63800000000002,215.10324,1410.12124,TEC-MA-6142,Raw Materials,Paid,2012-09-22,15,Low,Australia,Australia
SHN-A34622E6,SuperStore,"Nokia Signal Booster, Full Size",551.16,55.116,109.12968,715.40568,TEC-PH-5351,Raw Materials,Paid,2012-11-08,15,Low,India,India
SHN-1F4D9E29,John Huston,"Samsung Signal Booster, Full Size",6756.12,675.6120000000001,1337.71176,8769.44376,TEC-PH-5836,Raw Materials,Paid,2013-02-01,15,Low,Germany,Germany
SHN-F52600C6,"Machines, Technology, TEC-MA-4213",Epson TM-T88V Direct Thermal Printer - Monochrome - Desktop,1679.13,167.913,332.46774,2179.51074,,Raw Materials,Paid,2012-09-01,15,Low,United States,United States
SHN-CF0A61A3,"Copiers, Technology, TEC-CO-4591","Hewlett Wireless Fax, Digital",6077.28,607.728,1203.30144,7888.30944,,Raw Materials,Paid,2013-01-22,15,Low,,Iraq
SHN-39C724BD,SuperStore,"Ikea Classic Bookcase, Traditional",14823.0,1482.3000000000002,2934.9539999999997,19240.254,FUR-BO-4851,Raw Materials,Pending,2012-10-26,15,Low,China,"Huaibei, Anhui"
SHN-B1EFAEAF,SuperStore,"Canon Fax Machine, High-Speed",11397.24,1709.586,2359.2286799999997,15466.05468,8471,Raw Materials,Paid,2012-12-19,15,Low,Bangladesh,Bangladesh
SHN-8041E46C,SuperStore,"Safco Classic Bookcase, Pine",21535.5,2153.55,4264.0289999999995,27953.078999999998,FUR-BO-5762,Raw Materials,Paid,2013-02-03,15,Low,India,India
SHN-23B2D362,SuperStore,"Sharp Copy Machine, Laser",5976.0,597.6,1183.248,7756.848,TEC-CO-5992,Raw Materials,Paid,2013-01-11,15,Low,Austria,Austria
SHN-B6BFE500,Jack O'Briant,"Enermax Router, USB",6463.5,646.35,1279.773,8389.623,TEC-AC-4188,Raw Materials,Paid,2012-09-14,15,Low,Germany,Germany
SHN-BD5D58EC,SuperStore,"Bevis Conference Table, Rectangular",4422.39,442.23900000000003,875.6332200000002,5740.2622200000005,FUR-TA-3421,Raw Materials,Paid,2012-09-12,15,Low,Mexico,Mexico
SHN-115D0A7C,SuperStore,"Brother Wireless Fax, Color Copiers, Technology, TEC-CO-3608",3422.25,342.225,677.6055,4442.0805,TEC-CO-3608,Raw Materials,Paid,2012-09-26,15,Low,United Kingdom,England
SHN-82EDBF12,Harold Engle,"Office Star Executive Leather Armchair, Adjustable",2232.0,223.20000000000002,441.936,2897.136,FUR-CH-5441,Office Rent,Paid,2012-12-04,5,Low,Mexico,Mexico
SHN-3E02C7B2,SuperStore,"Dania Library with Doors, Metal",5210.8,521.08,1031.7384,6763.6184,FUR-BO-3901,Raw Materials,Paid,2012-10-20,15,Low,Australia,Australia
SHN-D9699DB2,SuperStore,"Novimex Executive Leather Armchair, Red",8283.599999999999,828.3599999999999,1640.1527999999998,10752.112799999999,FUR-CH-5380,Raw Materials,Paid,2012-12-25,15,Low,United States,Netherlands
SHN-5C4A043F,SuperStore,"SanDisk Router, Erganomic",12453.84,1245.384,2465.86032,16165.08432,TEC-AC-5895,Logistics Fees,Pending,2013-02-01,5,Low,Germany,Germany
SHN-BF547F81,SuperStore,"Hamilton Beach Microwave, Red",5424.18,542.418,1073.98764,7040.58564,OFF-AP-4498,Raw Materials,Paid,2012-10-09,15,Low,Dominican Republic,Dominican Republic
SHN-BA5E5A73,SuperStore,"Fellowes File Cart, Industrial",6076.56,607.6560000000001,1203.15888,7887.37488,OFF-ST-4258,Raw Materials,Paid,2012-12-22,15,Low,France,France
SHN-B64DDFF2,Barry Weirich,"Apple Headset, with Caller ID",4688.64,468.86400000000003,928.3507200000001,6085.854720000001,TEC-PH-3135,Raw Materials,Paid,2012-08-04,15,Low,Germany,Germany
SHN-16B9FEFB,SuperStore,"Office Star Swivel Stool, Adjustable",2352.4,235.24,465.77520000000004,3053.4152000000004,FUR-CH-5454,Office Rent,Paid,2012-07-28,5,Low,Mexico,Mexico
SHN-EEEE0E96,SuperStore,"Hamilton Beach Microwave, White",1122.6,112.25999999999999,222.27479999999997,1457.1347999999998,OFF-AP-4500,Raw Materials,Paid,2012-06-15,15,Low,Italy,Italy
SHN-7E4A25D0,SuperStore,"SAFCO Commercial Wire Shelving, Black",552.56,55.256,109.40687999999999,717.2228799999999,OFF-ST-5766,Raw Materials,Pending,2012-07-26,15,Low,,United States
SHN-1D86A056,"Copiers, Technology, TEC-CO-3597","Brother Fax Machine, High-Speed",1896.63,189.663,375.53274,2461.82574,,Raw Materials,Paid,2012-12-10,15,Low,Nicaragua,Nicaragua
SHN-A05BD531,Rick Reed,"Hewlett Ink, Laser",1338.1200000000001,133.812,264.94776,1736.8797600000003,"Copiers, Technology, TEC-CO-4582",Raw Materials,Paid,2012-09-10,15,Low,China,China
SHN-143B2BA8,SuperStore,"SAFCO Swivel Stool, Set of Two",4254.75,425.475,842.4405,5522.6655,FUR-CH-5808,Raw Materials,Paid,2012-10-04,15,Low,China,China
SHN-9DFDB30E,SuperStore,"Canon Ink, Laser",2354.4,235.44000000000003,466.1712,3056.0112,"Copiers, Technology, TEC-CO-3697",Raw Materials,Paid,2012-01-10,15,Low,Hungary,Hungary
SHN-BBD52B9F,Corey Catlett,"Hamilton Beach Microwave, Black",20553.39,2055.339,4069.57122,26678.300219999997,OFF-AP-4497,Raw Materials,Paid,2013-01-15,15,Low,Germany,Germany
SHN-53B38466,SuperStore,"Cuisinart Microwave, Red",6265.349999999999,626.535,1240.5393,8132.424299999999,OFF-AP-3865,Raw Materials,Paid,2012-09-25,15,Low,France,France
SHN-1E63E668,SuperStore,"Verbatim 25 GB 6x Blu-ray Single Layer Recordable Disc, 10/Pack",104.31,10.431000000000001,20.65338,135.39438,,Raw Materials,Paid,2012-12-30,15,Low,,United States
SHN-720202E2,"Fuji, Shizuoka, Japan","Samsung Smart Phone, VoIP",76985.04000000001,7698.504000000001,15243.03792,99926.58192000001,TEC-PH-5841,Raw Materials,Pending,2012-02-10,15,Low,Japan,Japan
SHN-3E2F5840,SuperStore,"Samsung Audio Dock, Cordless",7482.860000000001,748.2860000000001,1481.60628,9712.75228,TEC-PH-5812,Logistics Fees,Paid,2012-06-06,5,Low,Australia,Australia
SHN-1EFA95F5,SuperStore,"Samsung Office Telephone, Cordless",8821.92,882.192,1746.74016,11450.85216,TEC-PH-5829,Raw Materials,Paid,2012-05-26,15,Low,Australia,Australia
SHN-611ECD2E,SuperStore,"Fellowes Strictly Business Drawer File, Letter/Legal Size",3521.25,352.125,697.2075,4570.5825,OFF-ST-4289,Office Rent,Paid,2012-12-27,5,Low,United States,United States
SHN-21C120B4,"Supplies, Office Supplies, OFF-SU-2972",Acme Forged Steel Scissors with Black Enamel Handles,37.24,3.724,7.373519999999999,48.33752,OFF-SU-2972,Raw Materials,Paid,2012-03-04,15,Low,United States,United States
SHN-3143FF2E,SuperStore,"Office Star Executive Leather Armchair, Adjustable",1860.0,186.0,368.28,2414.2799999999997,FUR-CH-5441,Office Rent,Paid,2013-02-17,5,Low,China,United States
SHN-F689487F,"Storage, Office Supplies","Eldon File Cart, Blue",1142.6399999999999,114.264,226.24271999999996,1483.1467199999997,OFF-ST-4055,Raw Materials,Paid,2012-02-02,15,Low,China,United States
SHN-B1A4AC0B,SuperStore,Global Italian Leather Office Chair,366.74,36.674,72.61452,476.02851999999996,FUR-CH-4413,Raw Materials,Paid,2012-10-14,15,Low,United States,United States
SHN-983B21E8,Brooke Gillingham,"SAFCO Executive Leather Armchair, Adjustable",20041.38,2004.1380000000001,3968.19324,26013.71124,FUR-CH-5773,Raw Materials,Paid,2012-12-07,15,Low,Mexico,Mexico
SHN-DB6BB4B8,SuperStore,"Hewlett Fax Machine, High-Speed",7157.7,715.77,1417.2245999999998,9290.694599999999,"Copiers, Technology, TEC-CO-4577",Raw Materials,Paid,2012-07-24,15,Low,Australia,Australia
SHN-905AF11A,SuperStore,"Chromcraft Round Table, Adjustable Height",1001.16,100.116,198.22968,1299.50568,FUR-TA-3769,Raw Materials,Paid,2012-08-29,15,Low,Mexico,United States
SHN-5FA03237,SuperStore,"Safco Library with Doors, Pine",1408.1,140.81,278.80379999999997,1827.7137999999998,FUR-BO-5787,Raw Materials,Paid,2012-06-25,15,Low,France,France
SHN-1C794C23,SuperStore,"Sanford Sketch Pad, Fluorescent",4580.52,458.0520000000001,906.94296,5945.51496,OFF-AR-5932,Raw Materials,Paid,2012-08-24,15,Low,,Netherlands
SHN-0ED7D311,SuperStore,"Rogers Lockers, Single Width",1581.03,158.103,313.04394,2052.1769400000003,OFF-ST-5702,Office Rent,Paid,2013-01-25,5,Low,Vietnam,Vietnam
SHN-7E47DB04,SuperStore,"Barricks Round Table, Fully Assembled",1066.32,106.632,211.13136,1384.08336,FUR-TA-3349,Raw Materials,Paid,2012-06-29,15,Low,Indonesia,Indonesia
SHN-ECD3B8DD,SuperStore,"Sharp Personal Copier, Digital",6891.28,689.128,1364.4734399999998,8944.88144,TEC-CO-6006,Raw Materials,Paid,2013-02-13,15,Low,United Kingdom,United Kingdom
SHN-76C2603B,Doug Bickford,"Boston Canvas, Water Color",1420.5,142.05,281.25899999999996,1843.809,OFF-AR-3528,Raw Materials,Paid,2012-09-09,15,Low,Germany,Germany
SHN-60BDC625,SuperStore,"Chromcraft Round Table, Rectangular",7434.72,743.4720000000001,1472.07456,9650.26656,FUR-TA-3771,Raw Materials,Pending,2012-11-08,15,Low,Ukraine,Ukraine
SHN-A27751BD,SuperStore,"Canon Fax and Copier, Color",4819.5,481.95000000000005,954.261,6255.710999999999,TEC-CO-3682,Raw Materials,Paid,2012-11-23,15,Low,Austria,Austria
SHN-DDBC8371,SuperStore,"Motorola Smart Phone, Cordless",578.5,57.85,114.543,750.893,TEC-PH-5267,Raw Materials,Paid,2012-12-28,15,Low,Australia,Australia
SHN-038E040D,SuperStore,"Hon Swivel Stool, Black",1305.8700000000001,130.58700000000002,258.56226000000004,1695.01926,FUR-CH-4702,Raw Materials,Paid,2013-01-15,15,Low,Germany,Germany
SHN-FE969F88,SuperStore,"Barricks Round Table, with Bottom Storage",4012.08,401.208,794.3918399999999,5207.67984,FUR-TA-3351,Raw Materials,Paid,2012-02-21,15,Low,Italy,Italy
SHN-6E103C5D,SuperStore,"Bush Classic Bookcase, Metal",3709.26,370.92600000000004,734.43348,4814.61948,FUR-BO-3624,Raw Materials,Pending,2012-12-27,15,Low,Italy,Italy
SHN-B83685FE,SuperStore,"Safco Floating Shelf Set, Metal",706.32,70.632,139.85136,916.80336,FUR-BO-5777,Raw Materials,Paid,2012-12-28,15,Low,Australia,Australia
SHN-652B475E,SuperStore,"Motorola Speaker Phone, Cordless",8488.32,848.832,1680.68736,11017.83936,TEC-PH-5270,Raw Materials,Paid,2012-12-26,15,Low,Saudi Arabia,Saudi Arabia
SHN-968CBA4F,"Fasteners, Office Supplies","Acco Clips to Go Binder Clips, 24 Clips in Two Sizes",11.36,1.136,2.2492799999999997,14.745279999999998,,Office Rent,Paid,2012-07-31,5,Low,,United States
SHN-72E2FE00,SuperStore,"Ikea Library with Doors, Metal",5805.6,580.5600000000001,1149.5088,7535.668800000001,FUR-BO-4860,Raw Materials,Paid,2012-04-11,15,Low,China,China
SHN-81E6700E,Dennis Bolton,"Hon Swivel Stool, Black",644.88,64.488,127.68623999999998,837.0542399999999,FUR-CH-4702,Raw Materials,Paid,2012-09-07,15,Low,Zambia,Zambia
SHN-AD9FF5F2,SuperStore,"Tenex Lockers, Single Width",40019.28,4001.928,7923.81744,51945.02544,OFF-ST-6263,Raw Materials,Paid,2012-05-25,15,Low,United Kingdom,United Kingdom
SHN-34951F6A,SuperStore,"Fellowes Lockers, Blue",2985.56,298.556,591.1408799999999,3875.25688,OFF-ST-4266,Raw Materials,Paid,2012-01-18,15,Low,Tanzania,Tanzania
SHN-4B18D3E0,Chuck Magee,"Eldon Frame, Durable",1812.48,181.24800000000002,358.87104,2352.59904,FUR-FU-4066,Raw Materials,Pending,2012-04-24,15,Low,Israel,Israel
SHN-0D4F710E,,,0.0,0.0,0.0,0.0,,,Paid,2023-06-05,5,Low,,
SHN-053BDA1C,SuperStore,"Novimex Executive Leather Armchair, Black",457.95,45.795,90.6741,594.4191,FUR-CH-5379,Raw Materials,Paid,2012-06-22,15,Low,Saudi Arabia,Saudi Arabia
SHN-CD69BEBA,SuperStore,"Cuisinart Stove, Red",4021.0199999999995,402.102,796.1619599999999,5219.283959999999,OFF-AP-3873,Raw Materials,Paid,2012-07-29,15,Low,Indonesia,Indonesia
SHN-3B9BE2AF,SuperStore,Xerox,326.55,32.655,64.65690000000001,423.86190000000005,OFF-PA-6572,Raw Materials,Paid,2012-08-08,15,Low,United States,United States
SHN-41FCBFEF,SuperStore,"Fiskars Shears, High Speed",9337.44,933.7440000000001,1848.81312,12119.997120000002,OFF-SU-4320,Raw Materials,Paid,2012-09-11,15,Low,United States,France
SHN-80850643,Neola Schneider,"Motorola Smart Phone, with Caller ID",15492.96,1549.296,3067.6060799999996,20109.86208,TEC-PH-5269,Raw Materials,Paid,2012-11-10,15,Low,Mexico,Mexico
SHN-8092C5A2,SuperStore,"Canon Copy Machine, High-Speed",6235.68,623.5680000000001,1234.66464,8093.9126400000005,TEC-CO-3680,Raw Materials,Paid,2012-10-02,15,Low,Guatemala,Guatemala
SHN-4E8C531A,SuperStore,"Smead Lockers, Blue",3174.72,317.472,628.59456,4120.7865600000005,OFF-ST-6046,Office Rent,Paid,2012-01-13,5,Low,Egypt,Egypt
SHN-5B0B789B,SuperStore,"Apple Audio Dock, VoIP Phones, Technology, TEC-PH-3129",2671.68,267.168,528.9926399999999,3467.84064,,Raw Materials,Paid,2012-10-05,15,Low,India,India
SHN-FF8DFDB2,SuperStore,Strathmore Photo Frame Cards,29.24,2.924,5.78952,37.953520000000005,OFF-PA-6213,Raw Materials,Paid,2012-05-24,15,Low,,United States
SHN-FD00A868,SuperStore,Hon 5100 Series Wood Tables,2095.05,209.50500000000002,414.8199,2719.3749000000003,FUR-TA-4622,Raw Materials,Paid,2012-07-11,15,Low,United States,United States
SHN-D2852B18,SuperStore,"Smead Lockers, Industrial",4773.6,477.36000000000007,945.1727999999999,6196.1328,OFF-ST-6047,Raw Materials,Paid,2013-01-24,15,Low,Chile,Chile
SHN-5D817996,SuperStore,"Hon Executive Leather Armchair, Black",2194.2599999999998,219.426,434.46347999999995,2848.1494799999996,FUR-CH-4655,Raw Materials,Paid,2012-04-06,15,Low,Mexico,Mexico
SHN-06975504,SuperStore,"Smead Lockers, Blue",13228.0,1322.8000000000002,2619.144,17169.944,OFF-ST-6046,Office Rent,Paid,2012-01-11,5,Low,Mexico,Mexico
SHN-1712E5CE,SuperStore,"HP Copy Machine, Color",11852.61,1185.2610000000002,2346.81678,15384.68778,"Copiers, Technology, TEC-CO-4765",Raw Materials,Pending,2012-10-26,15,Low,China,China
SHN-551D1730,SuperStore,"Bush Library with Doors, Mobile",2971.41,297.141,588.3391799999999,3856.89018,FURN-BO-3640,Raw Materials,Paid,2012-12-02,15,Low,Germany,Germany
SHN-3845B6CE,"Furnishings, Furniture, FUR-FU-2864",36X48 HARDFLOOR CHAIRMAT,67.14,6.714,13.293719999999999,87.14771999999999,,Office Rent,Paid,2013-03-05,5,Low,,United States
SHN-E5CC1504,Arthur Wiediger,I Need's 3d Hello Kitty Hybrid Silicone Case Cover for HTC One X,153.08,15.308000000000002,30.30984,198.69784,TEC-PH-4800,Raw Materials,Paid,2012-07-13,15,Low,United States,United States
SHN-3DC6A37D,SuperStore,"Hewlett Copy Machine, Laser",8128.400000000001,812.8400000000001,1609.4232000000002,10550.663200000003,TEC-CO-4570,Raw Materials,Paid,2012-08-11,15,Low,Vietnam,Vietnam
SHN-0ECF378B,Raymond Messe,"Tenex Frame, Erganomic",1737.6,173.76,344.04479999999995,2255.4048,FUR-FU-6256,Raw Materials,Paid,2012-10-27,15,Low,India,India
SHN-CC1E1BE3,SuperStore,"Brother Personal Copier, Digital",4617.96,461.79600000000005,914.35608,5994.112080000001,"Copiers, Technology, TEC-CO-3605",Raw Materials,Paid,2012-12-07,15,Low,Australia,Australia
SHN-1CE456A0,Office Supplies,Xerox,15.94,1.594,3.1561199999999996,20.69012,OFF-PA-6447,Raw Materials,Paid,2012-10-14,15,Low,United States,United States
SHN-4C1C2251,SuperStore,"Hoover Stove, White",3399.66,339.966,673.1326799999999,4412.75868,OFF-AP-4745,Raw Materials,Pending,2012-11-25,15,Low,Brazil,Brazil
SHN-97894468,SuperStore,Mophie Juice Pack Helium for iPhone,575.9399999999999,57.593999999999994,114.03611999999997,747.5701199999999,TEC-PH-5244,Raw Materials,Paid,2012-12-28,15,Low,United States,United States
SHN-FA6BCD9D,,,0.0,0.0,0.0,0.0,,,Paid,2023-06-05,5,Low,,
SHN-D3702EDF,SuperStore,"Fellowes Lockers, Single Width",2211.84,221.18400000000003,437.94432000000006,2870.9683200000004,OFF-ST-4268,Raw Materials,Paid,2012-09-15,15,Low,Cuba,Cuba
SHN-81ED30C3,SuperStore,"Eldon Lockers, Blue",6465.06,646.5060000000001,1280.0818800000002,8391.64788,OFF-ST-4078,Raw Materials,Paid,2012-12-14,15,Low,Mexico,Mexico
SHN-2EDCE972,SuperStore,"Brother Ink, Color",1137.8700000000001,113.78700000000002,225.29826000000003,1476.9552600000002,not provided,Raw Materials,Paid,2012-12-01,15,Low,France,France
SHN-27117DDF,SuperStore,"Gould Plastics 18-Pocket Panel Bin, 34w x 5-1/4d x 20-1/2h",827.9100000000001,82.79100000000001,163.92618000000002,1074.6271800000002,OFF-ST-4456,Office Rent,Pending,2012-10-17,5,Low,,United States
SHN-1B9177F4,SuperStore,"Office Star Executive Leather Armchair, Adjustable",2255.61,225.56100000000004,446.61078000000003,2927.7817800000003,FUR-CH-5441,Office Rent,Pending,2012-03-02,5,Low,Dominican Republic,Santo Domingo
SHN-2EA3C4E8,SuperStore,"HP Fax Machine, High-Speed",7141.02,714.1020000000001,1413.92196,9269.04396,TEC-CO-4775,Raw Materials,Paid,2012-10-14,15,Low,Mexico,Mexico
SHN-A6AAEE2A,SuperStore,"Dania Library with Doors, Traditional",1449.6,144.96,287.02079999999995,1881.5808,FUR-BO-3904,Raw Materials,Paid,2012-05-13,15,Low,Romania,Romania
SHN-CCB16D98,"Appliances, Office Supplies","Hoover Stove, Red",18418.44,1841.844,3646.85112,23907.13512,OFF-AP-4743,Raw Materials,Paid,2012-03-13,15,Low,Germany,Germany
SHN-34A787B9,SuperStore,"Motorola Smart Phone, Full Size",31491.809999999998,3149.181,6235.378379999999,40876.36938,TEC-PH-5268,Raw Materials,Paid,2012-11-13,15,Low,India,India
SHN-8C14B627,SuperStore,"Belkin Router, USB",6474.0,647.4000000000001,1281.8519999999999,8403.252,TEC-AC-3405,Raw Materials,Paid,2012-11-24,15,Low,,Spain
SHN-6DFD5C71,SuperStore,"Chromcraft Computer Table, Adjustable Height",21835.38,2183.538,4323.40524,28342.32324,FUR-TA-3759,Raw Materials,Paid,2012-12-25,15,Low,United Kingdom,United Kingdom
SHN-4A19E03E,SuperStore,NETGEAR AC1750 Dual Band Gigabit Smart WiFi Router,8191.52,819.152,1621.92096,10632.59296,TEC-AC-5279,Raw Materials,Paid,2012-07-22,15,Low,,United States
SHN-B60E987D,SuperStore,Samsung Galaxy Mega 6.3,8399.8,839.98,1663.1603999999998,10902.9404,TEC-PH-5817,Raw Materials,Paid,2012-04-27,15,Low,United States,United States
SHN-40BDAF4D,SuperStore,"Lesro Round Table, Rectangular",11329.44,1132.9440000000002,2243.22912,14705.61312,FUR-TA-5064,Raw Materials,Paid,2012-06-30,15,Low,China,"Shanxi, China"
SHN-BC78ADD7,SuperStore,"Avery Labels, Office Supplies, OFF-LA-3195",2472.93,247.293,489.64014,3209.86314,OFF-LA-3195,Raw Materials,Paid,2012-12-28,15,Low,United States,United States
SHN-96537CF9,Roy Collins,"Nokia Headset, with Caller ID",7519.38,751.9380000000001,1488.8372399999998,9760.15524,TEC-PH-5342,Raw Materials,Paid,2012-04-25,15,Low,France,France
SHN-73EB5D00,SuperStore,Wilson Jones Standard D-Ring Binders,126.5,12.65,25.047,164.197,OFF-BI-6410,Office Rent,Paid,2012-08-29,5,Low,,United States
SHN-C530CAEA,SuperStore,"SAFCO Swivel Stool, Red",1360.32,136.032,269.34335999999996,1765.6953599999997,"Chairs, Furniture, FUR-CH-5807",Raw Materials,Paid,2012-08-14,15,Low,Australia,Australia
SHN-CFE379D7,"Paper, Office Supplies, OFF-PA-6546",Xerox 1988,2007.54,200.75400000000002,397.49291999999997,2605.78692,,Raw Materials,Paid,2012-08-22,15,Low,,United States
SHN-328EFC7B,"Copiers, Technology, TEC-CO-3598","Brother Fax Machine, Laser",5096.64,509.66400000000004,1009.13472,6615.43872,,Logistics Fees,Pending,2012-03-09,5,Low,China,China
SHN-FD608911,SuperStore,"Sharp Copy Machine, Laser",3824.64,382.464,757.27872,4964.3827200000005,copiers,Raw Materials,Paid,2012-08-08,15,Low,China,China
SHN-5B11CBAA,SuperStore,"Logitech Router, Bluetooth",2225.88,222.58800000000002,440.72424000000007,2889.1922400000003,TEC-AC-5134,Logistics Fees,Paid,2012-08-26,5,Low,Italy,Italy
SHN-3BEAEF9C,SuperStore,"Brother Fax Machine, Digital",3387.12,338.712,670.6497599999999,4396.48176,unknown,Raw Materials,Paid,2012-06-06,15,Low,Mexico,Mexico
SHN-24C45057,SuperStore,"Lesro Conference Table, Rectangular",855.15,85.515,169.31969999999998,1109.9847,FUR-TA-5059,Raw Materials,Paid,2012-06-02,15,Low,Ukraine,Ukraine
SHN-9609B22D,SuperStore,"Fellowes Lockers, Wire Frame",3715.2000000000003,371.52000000000004,735.6096,4822.3296,OFF-ST-4269,Raw Materials,Paid,2012-07-29,15,Low,South Korea,South Korea
SHN-FACAEB71,SuperStore,"Cisco Smart Phone, Full Size",5862.51,1055.2518,1245.197124,8162.9589240000005,8517,Raw Materials,Paid,2012-11-20,15,Low,India,India
SHN-EA28D56E,SuperStore,"Eldon Lockers, Wire Frame",787.92,78.792,156.00816,1022.72016,OFF-ST-4081,Office Rent,Paid,2012-02-25,5,Low,Algeria,Algeria
SHN-949FB8D6,SuperStore,"Hewlett Fax and Copier, High-Speed",3057.12,305.712,605.30976,3968.14176,TEC-CO-4573,Raw Materials,Paid,2012-06-22,15,Low,,Saudi Arabia
SHN-634F8BA8,SuperStore,Belkin 6 Outlet Metallic Surge Strip,78.42,7.8420000000000005,15.52716,101.78916,OFF-AP-3364,Office Rent,Paid,2012-05-01,5,Low,United States,United States
SHN-0CB33BA3,SuperStore,"SAFCO Rocking Chair, Red",4407.06,440.7060000000001,872.59788,5720.363880000001,FUR-CH-5795,Raw Materials,Paid,2012-12-20,15,Low,Brazil,Brazil
SHN-98C5EAE2,SuperStore,"Dania Classic Bookcase, Mobile",1487.8,148.78,294.58439999999996,1931.1644,FUR-BO-3890,Raw Materials,Paid,2012-12-07,15,Low,Germany,Germany
SHN-50312075,"Machines, Technology","StarTech Phone, White",2625.48,262.548,519.84504,3407.8730400000004,TEC-MA-6145,Raw Materials,Paid,2012-11-16,15,Low,South Africa,South Africa
SHN-C3F8C0A7,"Gaoyou, Jiangsu, China","Hoover Refrigerator, White",25695.600000000002,2569.5600000000004,5087.728800000001,33352.8888,OFF-AP-4738,Raw Materials,Pending,2012-05-23,15,Low,China,United States
SHN-1B416DAE,SuperStore,"Fellowes Lockers, Industrial",1994.96,199.496,395.00208000000003,2589.4580800000003,OFF-ST-4267,Raw Materials,Paid,2012-08-17,15,Low,Australia,Australia
SHN-221E41D0,SuperStore,"Canon Fax Machine, Color",5117.28,511.728,1013.2214399999999,6642.22944,"Copiers, Technology, TEC-CO-3686",Raw Materials,Pending,2012-02-14,15,Low,"Bashkortostan, Russia","Bashkortostan, Russia"
SHN-41A4EFE0,Steve Carroll,"Dania Library with Doors, Traditional",1449.6,144.96,287.02079999999995,1881.5808,FUR-BO-3904,Raw Materials,Pending,2012-11-09,15,Low,China,USA
SHN-326CDEBD,Dean Braden,"Office Star Rocking Chair, Set of Two",1527.04,152.704,302.35391999999996,1982.09792,FUR-CH-5449,Raw Materials,Pending,2012-06-06,15,Low,Brazil,Brazil
SHN-AF7612E1,SuperStore,"Ikea Classic Bookcase, Traditional",3335.19,333.519,660.36762,4329.07662,FUR-BO-4851,Raw Materials,Paid,2012-09-07,15,Low,Australia,Australia
SHN-06679862,SuperStore,"Novimex Swivel Stool, Black",10369.92,1036.992,2053.24416,13460.15616,FUR-CH-5412,Raw Materials,Paid,2012-06-14,15,Low,China,"Cangzhou, Hebei"
SHN-802AFF67,SuperStore,"Samsung Smart Phone, Cordless",12268.8,1226.8799999999999,2429.2223999999997,15924.902399999999,TEC-PH-5839,Raw Materials,Paid,2012-08-08,15,Low,Dominican Republic,Santo Domingo
SHN-B423439D,SuperStore,"Epson Inkjet, Durable Machines, Technology, TEC-MA-4197",19624.32,1962.432,3885.61536,25472.36736,,Raw Materials,Paid,2012-08-28,15,Low,,Cameroon
SHN-CE84865B,SuperStore,"HP Ink, Laser",1158.3000000000002,115.83000000000003,229.3434,1503.4734,Ink-12345,Raw Materials,Paid,2012-06-06,15,Low,India,India
SHN-F7B917D6,SuperStore,"Hon Computer Table, Fully Assembled",6563.200000000001,656.3200000000002,1299.5136,8519.0336,FUR-TA-4643,Raw Materials,Paid,2012-07-27,15,Low,El Salvador,El Salvador
SHN-7E6A3135,SuperStore,"Bush Classic Bookcase, Traditional",6878.0,687.8000000000001,1361.844,8927.644,FUR-BO-3627,Raw Materials,Paid,2012-10-14,15,Low,USA,Brazil
SHN-FF971F90,Kunst Miller,"SAFCO Executive Leather Armchair, Black",1836.0,183.60000000000002,363.52799999999996,2383.1279999999997,FUR-CH-5774,Raw Materials,Paid,2012-05-22,15,Low,Malaysia,Malaysia
SHN-45748AF5,"Machines, Technology, TEC-MA-6153","StarTech Receipt Printer, White",8828.19,882.8190000000001,1747.98162,11458.99062,,Raw Materials,Paid,2012-07-18,15,Low,,Malaysia
SHN-E14F924C,SuperStore,"Canon Ink, Digital",2348.64,234.864,465.03072,3048.5347199999997,not provided,Raw Materials,Paid,2013-01-18,15,Low,China,China
SHN-5B2981BA,SuperStore,"Rogers Lockers, Industrial",848.4,84.84,167.98319999999998,1101.2232,OFF-ST-5701,Raw Materials,Pending,2012-09-07,15,Low,Zambia,Zambia
SHN-2D981E32,"Paper, Office Supplies",Xerox,6.48,0.6480000000000001,1.28304,8.41104,OFF-PA-6587,Office Rent,Paid,2012-09-28,5,Low,United States,United States
SHN-78D7FFD9,SuperStore,"Breville Microwave, Red",643.64,64.364,127.44072,835.44472,OFF-AP-3571,Raw Materials,Paid,2012-12-25,15,Low,Dominican Republic,Dominican Republic
SHN-720F2392,SuperStore,"Memorex Router, Erganomic",5856.4800000000005,585.648,1159.58304,7601.71104,TEC-AC-5224,Logistics Fees,Paid,2012-07-19,5,Low,Guatemala,Guatemala
SHN-6C98BB7B,SuperStore,"Konica Printer, Red",1430.94,143.09400000000002,283.32612,1857.36012,TEC-MA-5015,Raw Materials,Paid,2012-02-22,15,Low,Italy,Italy
SHN-2324B678,SuperStore,"Samsung Speaker Phone, with Caller ID",9982.44,1796.8392000000001,2120.2702560000002,13899.549456,8517,Raw Materials,Paid,2013-02-01,15,Low,China,USA
SHN-FD540A0D,SuperStore,"Apple Signal Booster, Full Size",2979.48,536.3063999999999,632.841552,4148.627952,8517,Raw Materials,Paid,2012-03-31,15,Low,Italy,Italy
SHN-672F2781,SuperStore,"Canon Fax Machine, Laser",5094.24,509.424,1008.6595199999999,6612.32352,"Copiers, Technology, TEC-CO-3689",Logistics Fees,Pending,2012-08-07,5,Low,China,China
SHN-D0B72D35,SuperStore,"Cisco Audio Dock, Full Size",2933.76,528.0768,623.130624,4084.967424,8518,Raw Materials,Paid,2013-03-01,15,Low,United Kingdom,United Kingdom
SHN-7612A831,SuperStore,"Cisco Smart Phone, with Caller ID",10467.84,1046.784,2072.6323199999997,13587.25632,TEC-PH-3807,Raw Materials,Paid,2012-12-26,15,Low,Saudi Arabia,Saudi Arabia
SHN-A6C6047D,SuperStore,"Chromcraft Computer Table, with Bottom Storage",3990.87,399.087,790.19226,5180.14926,FUR-TA-3762,Raw Materials,Paid,2012-03-07,15,Low,USA,Cambodia
SHN-F8B29E46,"Chairs, Furniture, FUR-CH-4840","Iceberg Nesting Folding Chair, 19w x 6d x 43h",1676.7599999999998,167.676,331.9984799999999,2176.4344799999994,,Raw Materials,Paid,2012-05-12,15,Low,,United States
SHN-957097DB,SuperStore,"Bevis Conference Table, Fully Assembled",16191.55,1619.155,3205.9268999999995,21016.631899999997,FUR-TA-3420,Raw Materials,Paid,2012-06-16,15,Low,China,China
SHN-A96730F7,SuperStore,"Cisco Signal Booster, with Caller ID",3226.3999999999996,322.64,638.8271999999998,4187.8672,,Raw Materials,Paid,2012-04-21,15,Low,France,France
SHN-90F4175F,SuperStore,"Panasonic Inkjet, White Machines, Technology, TEC-MA-5548",15214.5,1521.45,3012.471,19748.421000000002,Not Provided,Raw Materials,Pending,2012-10-13,15,Low,India,India
SHN-E53CA7B2,"Baruta, Miranda","Eldon Lockers, Single Width",6413.22,641.3220000000001,1269.81756,8324.35956,OFF-ST-4080,Raw Materials,Paid,2012-10-13,15,Low,Venezuela,Venezuela
SHN-D56873E5,Heather Kirkland,"Novimex Executive Leather Armchair, Black",334.3,33.43,66.1914,433.9214,FUR-CH-5379,Raw Materials,Paid,2012-01-26,15,Low,Indonesia,Indonesia
SHN-378438FE,SuperStore,"Memorex Router, Programmable",2229.39,222.939,441.41921999999994,2893.7482199999995,TEC-AC-5225,Logistics Fees,Paid,2012-10-31,5,Low,Singapore,Singapore
SHN-4DD51326,SuperStore,"Brother Copy Machine, High-Speed",4362.75,436.27500000000003,863.8245,5662.849499999999,"Copiers, Technology, TEC-CO-3588",Raw Materials,Paid,2012-07-25,15,Low,Mexico,Mexico
SHN-BA27015A,Brendan Sweed,"Sauder Stackable Bookrack, Pine",6371.84,637.1840000000001,1261.6243200000001,8270.64832,FUR-BO-5972,Raw Materials,Pending,2012-08-24,15,Low,El Salvador,El Salvador
SHN-B0930B06,SuperStore,"Lesro Round Table, Fully Assembled",11609.12,1160.912,2298.60576,15068.637760000001,FUR-TA-5063,Raw Materials,Paid,2013-01-22,15,Low,Spain,Spain
SHN-FAA68CF3,SuperStore,"Bevis Computer Table, Fully Assembled",3115.4700000000003,311.547,616.86306,4043.8800600000004,FUR-TA-3418,Raw Materials,Paid,2012-08-12,15,Low,China,China
SHN-3F673630,SuperStore,Dixon Ticonderoga Core-Lock Colored Pencils,29.16,2.9160000000000004,5.77368,37.84968,OFF-AR-3971,Raw Materials,Paid,2012-09-24,15,Low,,United States
SHN-C7BD641C,SuperStore,"Hon Executive Leather Armchair, Black",457.14,45.714,90.51371999999999,593.36772,FUR-CH-4655,Office Rent,Paid,2012-08-08,5,Low,Lebanon,Lebanon
SHN-C1E1BA16,SuperStore,"Cisco Audio Dock, with Caller ID",1392.84,139.284,275.78231999999997,1807.9063199999998,TEC-PH-3787,Raw Materials,Paid,2013-02-07,15,Low,France,France
SHN-18D99DC4,SuperStore,"Hon Wood Table, with Bottom Storage",28337.600000000002,2833.76,5610.8448,36782.2048,FUR-TA-4713,Raw Materials,Paid,2012-05-03,15,Low,El Salvador,El Salvador
SHN-B82DDBEF,SuperStore,"Canon Fax Machine, High-Speed",2649.87,397.48049999999995,548.52309,3595.87359,8471,Raw Materials,Paid,2012-10-25,15,Low,Indonesia,Indonesia
SHN-22DFB5CD,SuperStore,"Safco 3-Shelf Cabinet, Pine",3676.08,367.608,727.86384,4771.55184,FUR-BO-5747,Raw Materials,Paid,2013-02-12,15,Low,New Zealand,New Zealand
SHN-0D180DC4,SuperStore,"Hewlett Personal Copier, Color",524.56,52.455999999999996,103.86287999999999,680.87888,TEC-CO-4586,Raw Materials,Paid,2012-07-19,15,Low,Australia,Australia
SHN-7A4A502B,SuperStore,"Eldon Lockers, Industrial",8749.019999999999,874.9019999999999,1732.3059599999997,11356.227959999998,OFF-ST-4079,Raw Materials,Paid,2012-10-21,15,Low,Australia,Australia
SHN-210BE5D8,"Binders, Office Supplies",Angle-D Ring Binders,6.56,0.656,1.2988799999999998,8.51488,OFF-BI-3119,Raw Materials,Paid,2012-05-22,15,Low,,United States
SHN-FC614C21,SuperStore,"Brother Wireless Fax, Laser",378.81,37.881,75.00438,491.69538,TEC-CO-3611,Raw Materials,Paid,2012-02-02,15,Low,Germany,Germany
SHN-87183E0A,SuperStore,"Hon Rocking Chair, Black",3076.56,307.656,609.15888,3993.37488,FUR-CH-4682,Raw Materials,Paid,2012-04-03,15,Low,Colombia,Colombia
SHN-429F9B74,Sean O'Donnell,"Canon Fax Machine, High-Speed",842.56,126.38399999999999,174.40992,1143.35392,8440,Raw Materials,Paid,2012-06-16,15,Low,Mexico,Mexico
SHN-676BCE58,SuperStore,Motorola L804,110.38,11.038,21.85524,143.27324,TEC-PH-5257,Raw Materials,Paid,2012-05-22,15,Low,,United States
SHN-87C9253D,"Appliances, Office Supplies","Breville Microwave, Silver",302.46,30.246,59.88707999999999,392.59307999999993,OFF-AP-3572,Raw Materials,Pending,2012-09-18,15,Low,United States,Russia
SHN-59E97E5C,SuperStore,"Belkin Router, Erganomic",6157.4400000000005,615.7440000000001,1219.1731200000002,7992.3571200000015,TEC-AC-3403,Raw Materials,Paid,2012-09-11,15,Low,Mexico,Mexico
SHN-F203AB18,SuperStore,"Cisco Smart Phone, with Caller ID",16356.0,1635.6000000000001,3238.488,21230.088,TEC-PH-3807,Raw Materials,Pending,2012-12-23,15,Low,China,Inner Mongolia
SHN-21022C80,SuperStore,"KitchenAid Microwave, Black",20824.47,2082.447,4123.24506,27030.162060000002,OFF-AP-4956,Raw Materials,Paid,2012-03-20,15,Low,Vietnam,Vietnam
SHN-2020C9B0,SuperStore,"Tenex Lockers, Blue",10003.35,1000.335,1980.6633000000002,12984.348300000001,OFF-ST-6261,Raw Materials,Pending,2012-08-31,15,Low,China,China
SHN-3397AE6C,SuperStore,Vtech CS6719,1919.8,191.98000000000002,380.12039999999996,2491.9003999999995,TEC-PH-6347,Raw Materials,Paid,2012-10-25,15,Low,,United States
SHN-C179DA34,SuperStore,Hoover Upright Vacuum With Dirt Cup,10423.08,1042.308,2063.76984,13529.15784,OFF-AP-4750,Raw Materials,Paid,2012-12-27,15,Low,United States,United States
SHN-D734B351,Sam Zeldin,"Sharp Wireless Fax, Digital",28800.36,2880.036,5702.47128,37382.86728,"Copiers, Technology, TEC-CO-6010",Raw Materials,Paid,2012-11-08,15,Low,China,China
SHN-8C7108FB,Unknown Vendor,Unknown Product,0.0,0.0,0.0,0.0,,Other,Unknown,2026-04-17,5,Low,Unknown,Unknown
SHN-A31B17D2,SuperStore,"Ikea Classic Bookcase, Metal",13323.18,1332.3180000000002,2637.98964,17293.48764,FUR-BO-4848,Raw Materials,Paid,2012-09-23,15,Low,Australia,Australia
SHN-4F4AFEB6,Adam Hart,"Harbour Creations Steel Folding Chair, Set of Two",7300.17,730.017,1445.43366,9475.62066,FUR-CH-4560,Raw Materials,Paid,2012-08-22,15,Low,Australia,Australia
SHN-7710BBDF,SuperStore,"Brother Copy Machine, Laser",1047.72,104.772,207.44856,1359.94056,TEC-CO-3589,Raw Materials,Paid,2012-07-15,15,Low,Austria,Austria
SHN-CCEAD002,SuperStore,"Ikea Library with Doors, Mobile",3122.44,312.244,618.24312,4052.9271200000003,FUR-BO-4861,Raw Materials,Paid,2012-12-08,15,Low,Mexico,Mexico
SHN-ECB90430,SuperStore,"Smead Lockers, Industrial",38984.4,3898.4400000000005,7718.9112000000005,50601.751200000006,OFF-ST-6047,Raw Materials,Paid,2012-02-15,15,Low,,South Africa
SHN-539EDB76,SuperStore,"Safco Classic Bookcase, Metal",3544.6499999999996,354.465,701.8407,4600.9556999999995,FUR-BO-5760,Raw Materials,Paid,2012-09-20,15,Low,USA,France
SHN-2CB2EABC,"Binders, Office Supplies",GBC Recycled VeloBinder Covers,68.16,6.816,13.49568,88.47167999999999,OFF-BI-4364,Raw Materials,Paid,2012-10-30,15,Low,,United States
SHN-DF22B7D4,Barry Gonzalez,"Global Stack Chair with Arms, Black",749.5,74.95,148.401,972.8510000000001,FUR-CH-4422,Raw Materials,Paid,2012-11-04,15,Low,,United States
SHN-8F8F76D3,SuperStore,"Canon Copy Machine, Digital",2356.02,235.602,466.49195999999995,3058.1139599999997,"Copiers, Technology, TEC-CO-3679",Raw Materials,Paid,2012-04-10,15,Low,Germany,Germany
SHN-CE89187E,SuperStore,"Rogers File Cart, Industrial",4625.599999999999,462.55999999999995,915.8688,6004.0288,OFF-ST-5692,Raw Materials,Paid,2012-05-19,15,Low,El Salvador,El Salvador
SHN-D96CD88C,SuperStore,"Nokia Signal Booster, with Caller ID",2184.0,218.4,432.432,2834.8320000000003,,Raw Materials,Paid,2013-02-14,15,Low,India,India
SHN-98547D32,SuperStore,"Sharp Fax Machine, High-Speed",7346.25,734.625,1454.5575,9535.432499999999,"Copiers, Technology, TEC-CO-5999",Raw Materials,Pending,2012-08-08,15,Low,Germany,Germany
SHN-CCCAA8EF,SuperStore,Xerox,55.48,5.548,10.98504,72.01304,OFF-PA-6494,Office Rent,Paid,2012-04-05,5,Low,United States,United States
SHN-22BD60CF,Zuschuss Carroll,"Cuisinart Stove, Silver",21130.34,2113.034,4183.80732,27427.18132,OFF-AP-3874,Office Rent,Paid,2012-09-22,5,Low,Germany,Germany
SHN-202B1B77,SuperStore,"Barricks Computer Table, Fully Assembled",7668.96,766.8960000000001,1518.45408,9954.31008,FUR-TA-3341,Raw Materials,Paid,2012-01-31,15,Low,,New Zealand
SHN-A0ED8810,Toby Swindell,"Novimex Executive Leather Armchair, Adjustable",7288.32,728.832,1443.08736,9460.23936,FUR-CH-5378,Raw Materials,Pending,2012-11-06,15,Low,,New Zealand
SHN-89B4A932,SuperStore,"Hamilton Beach Refrigerator, Red",3000.7799999999997,300.078,594.1544399999999,3895.0124399999995,OFF-AP-4502,Raw Materials,Paid,2012-11-13,15,Low,Brazil,Brazil
SHN-136939BE,SuperStore,"Safco Classic Bookcase, Mobile",2820.28,282.028,558.41544,3660.7234399999998,FUR-BO-5761,Raw Materials,Paid,2012-09-20,15,Low,Argentina,Argentina
SHN-5C3DE903,SuperStore,"Eldon Door Stop, Black",4012.7999999999997,401.28,794.5344,5208.6144,FUR-FU-4040,Raw Materials,Paid,2012-02-28,15,Low,USA,South Korea
SHN-97E75501,SuperStore,"Brother Fax Machine, High-Speed",1266.96,126.69600000000001,250.85807999999997,1644.51408,Unknown,Raw Materials,Paid,2013-02-26,15,Low,Unknown,Senegal
SHN-7A80BD31,SuperStore,"Office Star Executive Leather Armchair, Black",3786.18,378.618,749.66364,4914.4616399999995,FUR-CH-5442,Raw Materials,Paid,2012-11-01,15,Low,USA,Germany
SHN-79F07D44,SuperStore,"Harbour Creations Executive Leather Armchair, Adjustable",1015.68,101.568,201.10464,1318.35264,FUR-CH-4530,Raw Materials,Paid,2012-11-11,15,Low,Dominican Republic,Dominican Republic
SHN-94035DCE,SuperStore,"SanDisk Message Books, Recycled",854.28,85.428,169.14744,1108.85544,OFF-PA-5879,Office Rent,Paid,2012-01-10,5,Low,Hungary,Hungary
SHN-CEB55032,Sample Company A,"Bush Library with Doors, Pine",3656.7000000000003,365.6700000000001,724.0266,4746.3966,9403,Raw Materials,Paid,2012-09-11,15,Low,Argentina,Argentina
SHN-29D5B8A5,OFF-BI-3732,"Cardinal HOLDit! Binder Insert Strips, Extra Strips",248.15000000000003,24.815000000000005,49.133700000000005,322.0987,,Raw Materials,Paid,2012-12-29,15,Low,,United States
SHN-9D15E5DD,SuperStore,"Bush Classic Bookcase, Mobile",10380.0,1038.0,2055.24,13473.24,FUR-BO-3625,Raw Materials,Paid,2012-02-24,15,Low,Belgium,Belgium
SHN-E3A04DEB,SuperStore,"Wilson Jones Binding Machine, Clear",2372.58,237.258,469.7708399999999,3079.60884,OFF-BI-6382,Office Rent,Paid,2012-08-14,5,Low,United Kingdom,United Kingdom
SHN-A790CEAC,SuperStore,"Eldon Lockers, Blue",1899.92,189.99200000000002,376.18416,2466.09616,OFF-ST-4078,Raw Materials,Paid,2012-04-17,15,Low,Italy,Italy
SHN-DE8FA77D,SuperStore,"Safco Classic Bookcase, Traditional",7886.700000000001,788.6700000000001,1561.5666,10236.9366,FUR-BO-5763,Raw Materials,Paid,2012-12-27,15,Low,Netherlands,Netherlands
SHN-A58DA61E,Mahogany Furnishings,"Eldon Expressions Desk Accessory, Wood Photo Frame",137.10000000000002,13.710000000000003,27.145800000000005,177.95580000000004,FUR-FU-4048,Raw Materials,Paid,2012-03-14,15,Low,United States,United States
SHN-E92822F9,SuperStore,"Breville Microwave, Black",7869.82,786.982,1558.22436,10215.02636,OFF-AP-3570,Raw Materials,Paid,2012-11-21,15,Low,Dominican Republic,Dominican Republic
SHN-9C8A8C9F,SuperStore,"Breville Microwave, White",13223.42,1322.342,2618.23716,17163.99916,OFF-AP-3573,Raw Materials,Paid,2012-04-04,15,Low,,France
SHN-44C5C2C5,SuperStore,"StarTech Inkjet, Wireless Machines, Technology, TEC-MA-6142",4828.32,482.832,956.00736,6267.15936,TEC-MA-6142,Raw Materials,Paid,2013-01-12,15,Low,United Kingdom,United Kingdom
SHN-53A3A3A5,SuperStore,"Ikea Classic Bookcase, Pine",7931.52,793.152,1570.4409600000001,10295.11296,FUR-BO-4850,Raw Materials,Paid,2013-01-09,15,Low,Mexico,Mexico
SHN-61A3FA26,SuperStore,"HP Ink, Color",2082.24,208.224,412.28351999999995,2702.74752,Unknown,Raw Materials,Pending,2012-05-01,15,Low,Singapore,Singapore
SHN-1005F3E6,"Storage, Office Supplies","Fellowes Trays, Wire Frame",4115.97,411.59700000000004,814.96206,5342.52906,OFF-ST-4296,Office Rent,Paid,2012-09-07,5,Low,Spain,Spain
SHN-91DDA44C,"Chairs, Furniture, FUR-CH-5448","Office Star Rocking Chair, Red",1141.3799999999999,114.13799999999999,225.99323999999996,1481.5112399999998,9401,Raw Materials,Paid,2012-12-19,15,Low,France,France
SHN-C73F93C3,SuperStore,"Ibico Binding Machine, Clear",3420.63,342.06300000000005,677.28474,4439.97774,OFF-BI-4815,Raw Materials,Paid,2012-10-18,15,Low,Indonesia,Indonesia
SHN-33DF6E77,SuperStore,"HP Fax and Copier, Laser",11064.96,1106.4959999999999,2190.8620799999994,14362.318079999997,TEC-CO-4772,Raw Materials,Pending,2012-11-10,15,Low,,Malaysia
SHN-9294E146,SuperStore,"Office Star Rocking Chair, Black",10095.210000000001,1009.5210000000002,1998.8515800000002,13103.582580000002,FUR-CH-5447,Raw Materials,Paid,2012-09-07,15,Low,France,France
SHN-15BFC968,SuperStore,Office Star - Mid Back Dual function Ergonomic High Back Chair,2318.12,231.812,458.9877599999999,3008.9197599999998,FUR-CH-5430,Raw Materials,Paid,2012-09-21,15,Low,United States,United States
SHN-3F096C8C,SuperStore,"Chromcraft Conference Table, Fully Assembled",16783.5,1678.3500000000001,3323.133,21784.983,FUR-TA-3764,Raw Materials,Pending,2012-01-21,15,Low,Nicaragua,Nicaragua
SHN-B1D0B4CC,SuperStore,"Harbour Creations Steel Folding Chair, Black",381.84,38.184,75.60432,495.62832000000003,FUR-CH-4558,Raw Materials,Paid,2012-03-24,15,Low,China,China
SHN-BE72C6BD,SuperStore,"Wilson Jones Binding Machine, Recycled",1775.52,177.55200000000002,351.55296,2304.62496,OFF-BI-6385,Raw Materials,Pending,2012-03-31,15,Low,,Italy
SHN-B804CC1F,FUR-CH-5774,"SAFCO Executive Leather Armchair, Black",7344.0,734.4000000000001,1454.1119999999999,9532.511999999999,,Raw Materials,Paid,2012-08-18,15,Low,China,China
SHN-82481038,,,0.0,0.0,0.0,0.0,,,,2023-06-05,5,Low,,
SHN-7B349194,SuperStore,"Brother Fax Machine, Digital",10309.02,1030.902,2041.18596,13381.107960000001,,Raw Materials,Paid,2012-06-21,15,Low,,Australia
SHN-F1961B06,SuperStore,"Apple Smart Phone, Full Size",22903.56,2290.356,4534.90488,29728.82088,TEC-PH-3148,Raw Materials,Pending,2012-09-13,15,Low,Democratic Republic of the Congo,Democratic Republic of the Congo
SHN-FB31773B,SuperStore,Avery 514 Labels,72.0,7.2,14.256,93.456,OFF-LA-3236,Office Rent,Paid,2012-09-02,5,Low,,United States
SHN-2A5D44B4,SuperStore,"Global Deluxe Stacking Chair, Gray",367.04999999999995,36.705,72.67589999999998,476.43089999999995,FUR-CH-4403,Raw Materials,Paid,2012-10-02,15,Low,,United States
SHN-3A2353E7,SuperStore,"Samsung Smart Phone, Cordless",5751.0,575.1,1138.698,7464.798000000001,TEC-PH-5839,Raw Materials,Paid,2012-09-21,15,Low,India,India
SHN-D9ADB354,SuperStore,"Safco 3-Shelf Cabinet, Mobile",4284.0,428.40000000000003,848.2319999999999,5560.632,9403,Raw Materials,Paid,2012-11-15,15,Low,China,United States
SHN-9FBB498C,SuperStore,"Memorex Router, Erganomic Accessories, Technology, TEC-AC-5224",3904.32,390.432,773.0553600000001,5067.807360000001,,Raw Materials,Paid,2013-01-27,15,Low,Central African Republic,Bangui
SHN-E998C816,Eugene Hildebrand,"Panasonic Inkjet, White",11410.91,1141.0910000000001,2259.36018,14811.36118,TEC-MA-5548,Raw Materials,Paid,2012-07-07,15,Low,Philippines,Philippines
SHN-F274278C,SuperStore,"Office Star Swivel Stool, Adjustable",6351.48,635.148,1257.59304,8244.22104,FUR-CH-5454,Office Rent,Paid,2012-05-17,5,Low,Austria,Austria
SHN-72D5179E,SuperStore,"Bevis Computer Table, Fully Assembled",9523.02,952.3020000000001,1885.5579599999999,12360.87996,FUR-TA-3418,Raw Materials,Paid,2012-12-26,15,Low,Mexico,Mexico
SHN-93B6342E,"Machines, Technology, TEC-MA-5011","Konica Phone, Red",4083.66,408.366,808.56468,5300.590679999999,,Raw Materials,Paid,2012-11-22,15,Low,Germany,Germany
SHN-74EC9441,OFF-AR-3494,"Binney & Smith Pencil Sharpener, Water Color Art",5850.599999999999,585.06,1158.4188,7594.078799999999,,Raw Materials,Pending,2012-01-19,15,Low,Zambia,Zambia
SHN-9B3646D3,SuperStore,"Avery Labels, Office Supplies, OFF-LA-3206",3.69,0.369,0.73062,4.78962,OFF-LA-3206,Raw Materials,Paid,2012-12-19,15,Low,,United States
SHN-28152EF3,SuperStore,"KitchenAid Refrigerator, White",526.08,52.608000000000004,104.16384000000001,682.8518400000002,OFF-AP-4963,Raw Materials,Paid,2012-04-07,15,Low,Guinea,Guinea
SHN-D5E8C678,SuperStore,"Harbour Creations Rocking Chair, Adjustable",4846.38,484.63800000000003,959.5832399999999,6290.60124,FUR-CH-4544,Raw Materials,Paid,2012-06-21,15,Low,Germany,Germany
SHN-0EEB2063,SuperStore,"Global Push Button Manager's Chair, Indigo",48.71,4.871,9.64458,63.22558,FUR-CH-4421,Raw Materials,Paid,2012-03-06,15,Low,,United States
SHN-0FDBCDC5,SuperStore,"Hewlett Wireless Fax, Digital Copiers, Technology, TEC-CO-4591",8546.2,854.6200000000001,1692.1476000000002,11092.967600000002,,Raw Materials,Paid,2012-09-22,15,Low,,Australia
SHN-84E123D4,SuperStore,"Safco Library with Doors, Pine",36376.0,3637.6000000000004,7202.447999999999,47216.047999999995,FUR-BO-5787,Raw Materials,Paid,2013-01-10,15,Low,Indonesia,Indonesia
SHN-2A620A45,SuperStore,"Hon Conference Table, Adjustable Height",14778.72,1477.872,2926.1865599999996,19182.77856,FUR-TA-4645,Raw Materials,Paid,2012-10-05,15,Low,,New Zealand
SHN-814EC972,SuperStore,Xerox 1931,186.60000000000002,18.660000000000004,36.9468,242.20680000000002,OFF-PA-6485,Raw Materials,Paid,2012-08-22,15,Low,,United States
SHN-4BF11BC5,SuperStore,EcoTones Memo Sheets,16.0,1.6,3.168,20.768,OFF-PA-4014,Raw Materials,Paid,2012-05-12,15,Low,,United States
SHN-0FD0A962,SuperStore,"Lesro Wood Table, Adjustable Height",2958.6000000000004,295.86000000000007,585.8028,3840.2628000000004,,Raw Materials,Paid,2012-06-02,15,Low,China,China
SHN-7AE976F1,SuperStore,"Okidata Card Printer, Durable",703.8,70.38,139.3524,913.5323999999999,TEC-MA-5497,Raw Materials,Paid,2012-06-19,15,Low,Cameroon,Cameroon
SHN-48334557,SuperStore,"Hewlett Copy Machine, Color",2356.83,235.683,466.65234,3059.16534,"Copiers, Technology, TEC-CO-4568",Raw Materials,Paid,2012-05-17,15,Low,India,India
SHN-8FF6D379,SuperStore,"Smead Lockers, Industrial",4773.6,477.36000000000007,945.1727999999999,6196.1328,OFF-ST-6047,Raw Materials,Paid,2013-02-17,15,Low,Brazil,Brazil
SHN-5648F50A,"Furnishings, Furniture","Deflect-O Frame, Erganomic",7921.349999999999,792.135,1568.4272999999998,10281.912299999998,FUR-FU-3943,Raw Materials,Paid,2012-04-18,15,Low,Australia,Australia
SHN-0FB2AE74,SuperStore,"Ikea Classic Bookcase, Traditional",5146.900000000001,514.69,1019.0862,6680.6762,FUR-BO-4851,Raw Materials,Paid,2012-05-31,15,Low,Ireland,Ireland
SHN-A7CC7D24,SuperStore,"HP Fax Machine, High-Speed",4959.049999999999,495.905,981.8918999999997,6436.846899999999,TEC-CO-4775,Raw Materials,Paid,2012-09-13,15,Low,Mexico,Mexico
SHN-3FD39EC3,SuperStore,Avaya IP Phone 1140E VoIP phone,6974.75,697.475,1381.0005,9053.2255,TEC-PH-3183,Raw Materials,Paid,2012-10-17,15,Low,,United States
SHN-97DD4E79,SuperStore,"Enermax Router, Bluetooth",9299.880000000001,929.9880000000002,1841.37624,12071.24424,TEC-AC-4185,Raw Materials,Paid,2012-10-31,15,Low,Saudi Arabia,Saudi Arabia
SHN-3CA23069,SuperStore,"Harbour Creations Executive Leather Armchair, Red",6852.4,685.24,1356.7751999999998,8894.4152,FUR-CH-4532,Raw Materials,Paid,2012-04-26,15,Low,USA,France
SHN-9EE09D51,SuperStore,"Fellowes Lockers, Single Width",2211.84,221.18400000000003,437.94432000000006,2870.9683200000004,OFF-ST-4268,Raw Materials,Paid,2012-09-28,15,Low,El Salvador,El Salvador
SHN-3002760B,SuperStore,"Panasonic Printer, White",8653.4,865.34,1713.3732,11232.1132,"Machines, Technology, TEC-MA-5573",Raw Materials,Paid,2012-10-02,15,Low,Mexico,Mexico
SHN-1726FD9C,Don Miller,"Samsung Audio Dock, Full Size",4203.0,756.54,892.7171999999999,5852.2572,8518,Raw Materials,Paid,2012-08-02,15,Low,India,India
SHN-CCE044DD,"Appliances, Office Supplies","Breville Refrigerator, White",6468.400000000001,646.8400000000001,1280.7432000000001,8395.9832,OFF-AP-3577,Raw Materials,Paid,2013-01-09,15,Low,,Sweden
SHN-8D551836,SuperStore,"Apple Signal Booster, with Caller ID",6026.3,1084.734,1279.9861199999998,8391.02012,8517,Raw Materials,Paid,2012-03-07,15,Low,Australia,Australia
SHN-E6ACF1FB,SuperStore,"Harbour Creations Executive Leather Armchair, Adjustable",15266.22,1526.622,3022.71156,19815.55356,FUR-CH-4530,Raw Materials,Paid,2012-11-02,15,Low,Australia,Australia
SHN-0D8B2B64,Russell D'Ascenzo,"Safco Classic Bookcase, Mobile",4700.48,470.048,930.6950399999998,6101.223039999999,FUR-BO-5761,Raw Materials,Paid,2012-11-24,15,Low,Guatemala,Guatemala
SHN-69FB1233,SuperStore,Staples,46.24,4.6240000000000006,9.155520000000001,60.01952000000001,OFF-FA-6129,Raw Materials,Paid,2012-12-26,15,Low,,United States
SHN-04456AA3,SuperStore,"Safco Classic Bookcase, Traditional",3943.3500000000004,394.33500000000004,780.7833,5118.4683,FUR-BO-5763,Raw Materials,Paid,2012-02-29,15,Low,United Kingdom,England
SHN-2E47397F,SuperStore,"Sauder 3-Shelf Cabinet, Metal",942.0,94.2,186.516,1222.7160000000001,,Logistics Fees,Paid,2012-06-09,5,Low,Vietnam,Vietnam
SHN-AD4A08A2,SuperStore,"StarTech Inkjet, Wireless",4828.32,482.832,956.00736,6267.15936,TEC-MA-6142,Raw Materials,Paid,2012-07-17,15,Low,United Kingdom,United Kingdom
SHN-A754E127,Tom Ashbrook,"Office Star Swivel Stool, Adjustable",13832.14,1383.214,2738.76372,17954.11772,FUR-CH-5454,Office Rent,Paid,2013-02-21,5,Low,Turkey,Turkey
SHN-235099BB,SuperStore,"Konica Inkjet, White Machines, Technology, TEC-MA-5007",2981.68,298.168,590.3726399999999,3870.22064,,Raw Materials,Paid,2012-09-11,15,Low,Australia,Australia
SHN-EFFC86CF,"Chairs, Furniture, FUR-CH-4558","Harbour Creations Steel Folding Chair, Black",9546.0,954.6,1890.108,12390.708,,Raw Materials,Paid,2012-08-16,15,Low,Russia,Russia
SHN-67E3A632,Jason Klamczynski,"Harbour Creations Bag Chairs, Red",985.92,98.592,195.21215999999998,1279.72416,FUR-CH-4520,Raw Materials,Pending,2012-05-01,15,Low,China,China
SHN-7F649DBC,Frank Preis,"Sauder Classic Bookcase, Metal",6270.48,627.048,1241.5550399999997,8139.0830399999995,FUR-BO-5948,Raw Materials,Paid,2012-10-02,15,Low,Australia,Australia
SHN-E3791B7B,"Copiers, Technology, TEC-CO-3604","Brother Personal Copier, Color",12195.949999999999,1829.3924999999997,2524.5616499999996,16549.90415,8471,Raw Materials,Paid,2012-06-05,15,Low,Pakistan,Pakistan
SHN-B873CD69,SuperStore,"Chromcraft Conference Table, with Bottom Storage",1570.8000000000002,157.08000000000004,311.0184,2038.8984,"Tables, Furniture, FUR-TA-3766",Raw Materials,Paid,2012-11-08,15,Low,Venezuela,Venezuela
SHN-C2D66052,SuperStore,"Sauder 3-Shelf Cabinet, Mobile",3045.6000000000004,304.56000000000006,603.0288,3953.1888000000004,FUR-BO-5941,Raw Materials,Paid,2012-05-20,15,Low,Netherlands,Netherlands
SHN-8E0AC6AA,OIC,Stacking Trays by OIC,124.5,12.450000000000001,24.650999999999996,161.601,FUR-FU-6101,Raw Materials,Paid,2012-12-28,15,Low,United States,United States
SHN-C7A8C7AF,SuperStore,"Smead File Cart, Single Width",2054.88,205.48800000000003,406.86623999999995,2667.2342399999998,OFF-ST-6033,Office Rent,Paid,2012-12-27,5,Low,Egypt,Egypt
SHN-04D7D3C2,"Phones, Technology, TEC-PH-3132","Apple Headset, Cordless",3729.39,372.939,738.4192199999999,4840.7482199999995,None,Logistics Fees,Pending,2012-05-02,5,Low,Germany,Germany
SHN-54D87555,SuperStore,"Eldon File Cart, Industrial",3197.25,319.725,633.0554999999999,4150.0305,OFF-ST-4056,Raw Materials,Paid,2012-12-05,15,Low,Singapore,Singapore
SHN-54DDC88D,SuperStore,"Hewlett Fax Machine, Color",5141.76,514.176,1018.06848,6674.0044800000005,"Copiers, Technology, TEC-CO-4575",Raw Materials,Pending,2013-02-06,15,Low,India,India
SHN-3AAC8A99,,,0.0,0.0,0.0,0.0,,,Paid,2023-06-05,5,Low,,
SHN-76369301,SuperStore,"Cisco Signal Booster, Cordless Phones, Technology, TEC-PH-3800",3867.0,386.70000000000005,765.6659999999999,5019.366,,Raw Materials,Paid,2012-11-22,15,Low,Germany,Germany
SHN-33315D1E,"Chairs, Furniture, FUR-CH-4429","Global Wood Trimmed Manager's Task Chair, Khaki",3275.2799999999997,327.528,648.50544,4251.31344,,Raw Materials,Paid,2012-10-17,15,Low,,United States
SHN-5B41E66C,SuperStore,"Newell Art, Office Supplies, OFF-AR-5309",53.82000000000001,5.3820000000000014,10.656360000000001,69.85836000000002,,Raw Materials,Pending,2012-03-06,15,Low,,United States
SHN-9C6F89EE,SuperStore,"Hoover Stove, White",13881.980000000001,1388.1980000000003,2748.6320400000004,18018.810040000004,OFF-AP-4745,Raw Materials,Paid,2012-11-02,15,Low,Netherlands,Netherlands
SHN-C0940743,SuperStore,"Master Caster Door Stop, Large Neon Orange",29.12,2.9120000000000004,5.76576,37.797760000000004,FUR-FU-5174,Raw Materials,Paid,2012-09-14,15,Low,,United States
SHN-C8855A47,Scot Coram,"Motorola Smart Phone, Cordless",2571.12,257.112,509.08176,3337.31376,TEC-PH-5267,Raw Materials,Paid,2012-06-21,15,Low,India,India
SHN-8FACE90A,SuperStore,"HP Wireless Fax, Laser",3241.8900000000003,324.1890000000001,641.8942200000001,4207.973220000001,TEC-CO-4792,Raw Materials,Paid,2012-10-07,15,Low,China,China
SHN-CF5F8A7D,SuperStore,"Brother Ink, Color",3718.5,371.85,736.2629999999999,4826.612999999999,Ink-001,Raw Materials,Paid,2012-11-24,15,Low,Singapore,Singapore
SHN-0F39D9C7,SuperStore,"Safco Stackable Bookrack, Pine",7366.17,736.6170000000001,1458.50166,9561.28866,FUR-BO-5798,Raw Materials,Paid,2012-02-02,15,Low,China,USA
SHN-71E763C7,SuperStore,"Safco Library with Doors, Pine",625.82,62.58200000000001,123.91236,812.3143600000001,FUR-BO-5787,Raw Materials,Paid,2012-11-22,15,Low,Turkey,Turkey
SHN-1A0DB012,SuperStore,"Memorex Memory Card, Erganomic",3269.28,326.92800000000005,647.31744,4243.52544,TEC-AC-5204,Raw Materials,Pending,2012-06-03,15,Low,Brazil,Brazil
SHN-F5542C1E,SuperStore,"Bush Classic Bookcase, Traditional",10317.0,1031.7,2042.766,13391.466,FUR-BO-3627,Raw Materials,Paid,2012-11-15,15,Low,China,Guangdong
SHN-BF12CF1A,Office Supplies,Xerox 1976,46.650000000000006,4.665000000000001,9.2367,60.551700000000004,OFF-PA-6533,Raw Materials,Paid,2012-08-22,15,Low,,United States
SHN-4D8AFEFA,Pamela Coakley,"Hamilton Beach Stove, Black",1155.78,115.578,228.84444,1500.20244,OFF-AP-4505,Raw Materials,Paid,2012-09-29,15,Low,Dominican Republic,Dominican Republic
SHN-C77CCD72,SuperStore,"Brother Fax Machine, Laser",7963.5,796.35,1576.773,10336.623,"Copiers, Technology, TEC-CO-3598",Raw Materials,Paid,2012-10-31,15,Low,United Kingdom,United Kingdom
SHN-C2E832D1,SuperStore,"Hoover Refrigerator, Red",7578.16,757.816,1500.47568,9836.45168,OFF-AP-4736,Raw Materials,Paid,2012-04-07,15,Low,Australia,Australia
SHN-C064EBC1,SuperStore,"SAFCO Executive Leather Armchair, Black",550.8,55.08,109.05839999999999,714.9384,FUR-CH-5774,Raw Materials,Paid,2012-08-01,15,Low,Nigeria,Nigeria
SHN-6FFFA1A9,SuperStore,"Hewlett Fax Machine, Color",2892.2400000000002,433.836,598.69368,3924.76968,8471,Raw Materials,Paid,2013-01-06,15,Low,USA,Norway
SHN-388730F0,SuperStore,"Rogers File Cart, Single Width",1278.72,127.87200000000001,253.18656000000001,1659.7785600000002,OFF-ST-5693,Raw Materials,Paid,2012-11-21,15,Low,Austria,Austria
SHN-F96D621F,SuperStore,"SAFCO Chairmat, Set of Two",993.12,99.31200000000001,196.63776,1289.06976,FUR-CH-5759,Raw Materials,Paid,2013-02-14,15,Low,India,India
SHN-EBB35547,SuperStore,"Belkin Numeric Keypad, Bluetooth",5796.0,579.6,1147.608,7523.2080000000005,TEC-AC-3396,Raw Materials,Paid,2013-02-17,15,Low,France,France
SHN-853619E9,SuperStore,Staples,152.0,15.200000000000001,30.095999999999997,197.296,OFF-FA-6129,Raw Materials,Paid,2012-11-28,15,Low,United States,United States
SHN-437796D6,SuperStore,Eldon Wave Desk Accessories,53.010000000000005,5.301000000000001,10.495980000000001,68.80698000000001,FUR-FU-4109,Raw Materials,Paid,2012-10-30,15,Low,United States,United States
SHN-3E4C22FB,SuperStore,"Hoover Stove, Red",10914.599999999999,1091.4599999999998,2161.0907999999995,14167.150799999998,OFF-AP-4743,Raw Materials,Paid,2012-08-08,15,Low,Dominican Republic,Dominican Republic
SHN-C39A2307,"Copiers, Technology, TEC-CO-5990","Sharp Copy Machine, Color",3853.44,385.34400000000005,762.9811199999999,5001.76512,,Office Rent,Paid,2012-08-03,5,Low,India,India
SHN-7B302D3E,"Phones, Technology, TEC-PH-5840","Samsung Smart Phone, Full Size",2549.76,254.97600000000003,504.85248,3309.5884800000003,,Raw Materials,Paid,2012-11-06,15,Low,China,United States
SHN-026FB5B6,SuperStore,"Dania Floating Shelf Set, Metal",1519.29,151.929,300.81942,1972.03842,Some code,Raw Materials,Paid,2012-06-06,15,Low,United Kingdom,United Kingdom
SHN-F561D8B2,SuperStore,"Sauder Corner Shelving, Pine",2140.56,214.056,423.83088,2778.44688,FUR-BO-5954,Raw Materials,Paid,2012-06-21,15,Low,Germany,Germany
SHN-D4832CE5,"Furnishings, Furniture, FUR-FU-4054","Eldon Expressions Wood Desk Accessories, Oak",29.52,2.952,5.84496,38.31696,,Raw Materials,Paid,2012-10-30,15,Low,,United States
SHN-FBDA0A21,SuperStore,"Hewlett Fax and Copier, Laser",1735.83,173.583,343.69434,2253.10734,TEC-CO-4574,Raw Materials,Pending,2012-10-06,15,Low,China,USA
SHN-BF0D0191,Rob Lucas,"Samsung Smart Phone, with Caller ID",2544.6,254.46,503.83079999999995,3302.8908,TEC-PH-5842,Logistics Fees,Paid,2012-10-06,5,Low,Saudi Arabia,Saudi Arabia
SHN-1D82A5AC,SuperStore,"Bevis Computer Table, Adjustable Height",4724.08,472.408,935.36784,6131.85584,FUR-TA-3417,Raw Materials,Paid,2012-11-30,15,Low,,New Zealand
SHN-48DB3931,SuperStore,"Eaton Cards & Envelopes, 8.5 x 11",3156.48,315.648,624.98304,4097.11104,OFF-PA-3986,Raw Materials,Paid,2012-08-29,15,Low,Sudan,Sudan
SHN-449BD02B,"Appliances, Office Supplies","Hoover Stove, White",16930.32,1693.0320000000002,3352.2033599999995,21975.55536,OFF-AP-4745,Raw Materials,Paid,2013-01-01,15,Low,Indonesia,Indonesia
SHN-5B6015F4,Astrea Jones,Kensington 6 Outlet SmartSocket Surge Protector,368.82,36.882,73.02636,478.72836,OFF-AP-4931,Office Rent,Pending,2012-12-29,5,Low,,United States
SHN-C22D3B3E,"Accessories, Technology, TEC-AC-5895","SanDisk Router, Erganomic",4066.56,406.656,805.17888,5278.394880000001,TEC-AC-5895,Logistics Fees,Paid,2012-09-30,5,Low,Kenya,Kenya
SHN-1C36BBC6,Sheri Gordon,"Hoover Microwave, Black",1848.42,184.842,365.98716,2399.2491600000003,OFF-AP-4730,Raw Materials,Pending,2012-11-15,15,Low,Nicaragua,Nicaragua
SHN-B1353432,SuperStore,"Canon Fax Machine, High-Speed",1076.4,107.64000000000001,213.12720000000002,1397.1672000000003,TEC-CO-3688,Raw Materials,Paid,2012-08-25,15,Low,France,France
SHN-D2A22F6B,SuperStore,"Hewlett Fax and Copier, Laser",15527.05,1552.705,3074.3558999999996,20154.110899999996,"Copiers, Technology, TEC-CO-4574",Raw Materials,Paid,2012-01-17,15,Low,El Salvador,El Salvador
SHN-362F033A,SuperStore,"Dania Classic Bookcase, Pine",13187.52,1318.7520000000002,2611.12896,17117.40096,FUR-BO-3891,Raw Materials,Paid,2012-08-16,15,Low,Netherlands,Netherlands
SHN-43CE030A,SuperStore,"Sauder Floating Shelf Set, Pine",783.72,78.37200000000001,155.17656000000002,1017.2685600000001,FUR-BO-5961,Raw Materials,Paid,2013-01-13,15,Low,Mozambique,Mozambique
SHN-F34FA2D4,SuperStore,"Brother Fax Machine, Color",3071.8,307.18,608.2164,3987.1964,,Raw Materials,Paid,2012-05-22,15,Low,New Zealand,New Zealand
SHN-C0A44FB2,SuperStore,"Canon Copy Machine, Digital",2002.62,200.262,396.51876,2599.40076,"Copiers, Technology, TEC-CO-3679",Raw Materials,Paid,2013-02-08,15,Low,France,France
SHN-3EF2C11A,SuperStore,"Iceberg Nesting Folding Chair, 19w x 6d x 43h",2567.53,256.75300000000004,508.37094,3332.65394,FUR-CH-4840,Raw Materials,Paid,2012-03-24,15,Low,United States,United States
SHN-CCDBDB04,SuperStore,"Safco Floating Shelf Set, Metal",19620.0,1962.0,3884.7599999999998,25466.76,,Logistics Fees,Paid,2013-01-11,5,Low,China,China
SHN-1D727A07,"Machines, Technology, TEC-MA-4210","Epson Receipt Printer, Red",2369.25,236.925,469.11150000000004,3075.2865,,Raw Materials,Paid,2012-11-22,15,Low,Indonesia,Indonesia
SHN-43EE6423,SuperStore,"Safco Classic Bookcase, Metal",19298.58,1929.8580000000002,3821.11884,25049.55684,FUR-BO-5760,Raw Materials,Paid,2013-03-05,15,Low,Australia,Australia
SHN-BFFC1A0B,"Fasteners, Office Supplies",Staples,44.82,4.482,8.87436,58.17636,OFF-FA-6129,Raw Materials,Paid,2012-09-14,15,Low,,United States
SHN-9855BA25,Jim Kriz,"Office Star Executive Leather Armchair, Adjustable",4185.0,418.5,828.63,5432.13,FUR-CH-5441,Office Rent,Pending,2012-12-18,5,Low,Austria,Austria
SHN-DBAFA2A6,SuperStore,"Dania Library with Doors, Metal",3618.6000000000004,361.86000000000007,716.4828000000001,4696.942800000001,FUR-BO-3901,Raw Materials,Paid,2012-12-06,15,Low,Panama,Panama
SHN-B581AC90,SuperStore,"StarTech Inkjet, Wireless Machines, Technology, TEC-MA-6142",4830.24,483.024,956.38752,6269.65152,TEC-MA-6142,Raw Materials,Paid,2012-12-26,15,Low,Saudi Arabia,"Jizan, Saudi Arabia"
SHN-89BBE5E5,SuperStore,"Dania 3-Shelf Cabinet, Mobile",575.88,57.588,114.02423999999999,747.4922399999999,FUR-BO-3886,Raw Materials,Paid,2012-03-20,15,Low,Italy,Italy
SHN-12A7D6DE,SuperStore,"Bush Stackable Bookrack, Pine",4045.44,404.54400000000004,800.99712,5250.98112,9403,Raw Materials,Paid,2012-12-30,15,Low,USA,France
SHN-987ED0A6,"Appliances, Office Supplies","Breville Stove, Red",12634.65,1263.4650000000001,2501.6607,16399.7757,OFF-AP-3579,Raw Materials,Paid,2012-11-02,15,Low,Australia,Australia
SHN-73D4030B,SuperStore,"Brother Wireless Fax, High-Speed",6032.16,603.216,1194.36768,7829.7436800000005,"Copiers, Technology, TEC-CO-3610",Raw Materials,Pending,2012-07-21,15,Low,United Kingdom,United Kingdom
SHN-B2BEB941,,,0.0,0.0,0.0,0.0,,,,2023-06-05,5,Low,,
SHN-34EF2E9D,SuperStore,"KitchenAid Refrigerator, Silver",28549.26,2854.926,5652.753479999999,37056.93948,OFF-AP-4962,Raw Materials,Paid,2012-11-09,15,Low,Colombia,Colombia
SHN-A84F6304,SuperStore,"Lesro Wood Table, Fully Assembled",3798.09,379.809,752.02182,4929.92082,FUR-TA-5072,Raw Materials,Paid,2012-06-05,15,Low,United Kingdom,United Kingdom
SHN-D8EFAFFB,SuperStore,"Barricks Computer Table, with Bottom Storage",6400.4,640.04,1267.2792,8307.7192,FUR-TA-3342,Raw Materials,Paid,2012-12-08,15,Low,Mexico,Mexico
SHN-2289B2F6,SuperStore,"Nokia Smart Phone, Full Size",4865.85,486.58500000000004,963.4383,6315.8733,TEC-PH-5355,Raw Materials,Paid,2012-07-26,15,Low,France,France
SHN-CA2852A5,SuperStore,"Hewlett Wireless Fax, Laser Copiers, Technology, TEC-CO-4593",12394.69,1239.469,2454.14862,16088.30762,,Raw Materials,Pending,2012-12-27,15,Low,USA,Mexico
SHN-BAA10A8F,SuperStore,"Tenex File Cart, Single Width",3365.25,336.52500000000003,666.3195,4368.0945,OFF-ST-6248,Office Rent,Paid,2013-01-03,5,Low,United Kingdom,United Kingdom
SHN-E34A6FF5,SuperStore,"Eldon File Cart, Single Width",513.48,51.348000000000006,101.66904,666.49704,OFF-ST-4057,Raw Materials,Pending,2012-12-19,15,Low,Liberia,Liberia
SHN-4AD4EA92,SuperStore,Panasonic Kx-TS550,248.34,24.834000000000003,49.171319999999994,322.34531999999996,TEC-PH-5566,Raw Materials,Paid,2012-06-21,15,Low,,United States
SHN-AF190314,SuperStore,"Konica Receipt Printer, Red",3900.4000000000005,390.0400000000001,772.2792000000001,5062.7192000000005,TEC-MA-5019,Raw Materials,Paid,2012-08-23,15,Low,Mexico,Mexico
SHN-4191E8F1,SuperStore,"Cisco Smart Phone, Full Size",2605.56,260.556,515.90088,3382.01688,TEC-PH-3806,Raw Materials,Paid,2012-01-24,15,Low,Estonia,Estonia
SHN-6D38890C,SuperStore,"Nokia Smart Phone, Full Size",4249.0,424.90000000000003,841.3019999999999,5515.201999999999,TEC-PH-5355,Raw Materials,Paid,2012-05-16,15,Low,Brazil,Brazil
SHN-989DE706,SuperStore,"Office Star Swivel Stool, Adjustable",4410.75,441.07500000000005,873.3285,5725.153499999999,FUR-CH-5454,Office Rent,Paid,2012-12-16,5,Low,Taiwan,Taiwan
SHN-B09D4343,SuperStore,"Canon Ink, Digital",3515.94,351.59400000000005,696.15612,4563.69012,TEC-CO-3695,Raw Materials,Paid,2012-04-03,15,Low,Colombia,Colombia
SHN-5055D134,Thea Hendricks,"Motorola Audio Dock, VoIP",2775.36,277.536,549.52128,3602.41728,TEC-PH-5248,Raw Materials,Pending,2013-01-13,15,Low,Malaysia,Malaysia
SHN-5E87B9DB,,,0.0,0.0,0.0,0.0,,,Paid,2023-06-05,5,Low,,
SHN-8E804D06,"Copiers, Technology, TEC-CO-5990","Sharp Copy Machine, Color",7851.6900000000005,785.1690000000001,1554.63462,10191.493620000001,,Raw Materials,Paid,2012-08-17,15,Low,,El Salvador
SHN-F8B27EA3,SuperStore,"Belkin Keyboard, Programmable",1921.05,192.10500000000002,380.36789999999996,2493.5229,TEC-AC-3386,Raw Materials,Paid,2012-06-02,15,Low,Australia,Australia
SHN-1B51A6F3,SuperStore,"Hamilton Beach Toaster, Black",2915.36,291.536,577.24128,3784.13728,OFF-AP-4509,Raw Materials,Paid,2012-02-29,15,Low,Germany,Germany
SHN-21BFE551,Dianna Arnett,"Enermax Memory Card, USB",9282.6,928.2600000000001,1837.9548,12048.8148,TEC-AC-4166,Raw Materials,Paid,2012-12-21,15,Low,India,India
SHN-E96125E9,SuperStore,"Sharp Fax Machine, Color",4941.6,494.1600000000001,978.4368,6414.1968,"Copiers, Technology, TEC-CO-5997",Office Rent,Paid,2012-02-26,5,Low,Nicaragua,Nicaragua
SHN-A390875E,"Binders, Office Supplies",Cardinal Holdit Business Card Pockets,3.98,0.398,0.78804,5.16604,OFF-BI-3729,Office Rent,Paid,2012-09-21,5,Low,,United States
SHN-1CA277B5,Sean O'Donnell,"Hon Round Table, Adjustable Height",2486.88,248.68800000000002,492.40224,3227.97024,FUR-TA-4689,Raw Materials,Paid,2012-06-16,15,Low,USA,Mexico
SHN-659BF1C2,SuperStore,"Cuisinart Refrigerator, Red",12964.21,1296.421,2566.91358,16827.544579999998,OFF-AP-3869,Raw Materials,Paid,2012-06-29,15,Low,Dominican Republic,Dominican Republic
SHN-9408C5D3,SuperStore,"Rogers Lockers, Industrial",3393.6,339.36,671.9327999999999,4404.8928,OFF-ST-5701,Raw Materials,Paid,2013-01-22,15,Low,Russia,Russia
SHN-B77D2F90,SuperStore,"Bevis Coffee Table, Adjustable Height",18164.97,1816.4970000000003,3596.66406,23578.13106,FUR-TA-3413,Raw Materials,Paid,2012-10-18,15,Low,China,China
SHN-12A3359F,SuperStore,"Samsung Audio Dock, with Caller ID",2669.28,266.92800000000005,528.51744,3464.72544,TEC-PH-5815,Raw Materials,Paid,2012-04-19,15,Low,Sudan,South Sudan
SHN-F1F391E3,SuperStore,Office Star - Ergonomically Designed Knee Chair,1036.56,103.656,205.23887999999997,1345.4548799999998,FUR-CH-5428,Office Rent,Paid,2012-07-17,5,Low,,United States
SHN-E043DF05,SuperStore,Logitech Wireless Gaming Headset G930,1439.91,143.991,285.10218,1869.0031800000002,TEC-AC-5140,Raw Materials,Paid,2012-03-04,15,Low,United States,United States
SHN-774D814A,Jason Klamczynski,"Hewlett Ink, High-Speed",7197.120000000001,719.7120000000001,1425.0297600000001,9341.861760000002,"Copiers, Technology, TEC-CO-4581",Raw Materials,Paid,2012-11-03,15,Low,China,China
SHN-3FEBC3AF,SuperStore,"Bush Classic Bookcase, Mobile",6643.2,664.32,1315.3536,8622.873599999999,FUR-BO-3625,Raw Materials,Paid,2012-11-11,15,Low,Republic of the Congo,Congo
SHN-00376F06,SuperStore,"Rogers Lockers, Single Width",6222.509999999999,622.251,1232.0569799999998,8076.81798,OFF-ST-5702,Raw Materials,Paid,2012-01-22,15,Low,Italy,Italy
SHN-545EE106,SuperStore,"Sauder Classic Bookcase, Pine",15744.24,1574.424,3117.35952,20436.023520000002,FUR-BO-5950,Raw Materials,Paid,2012-03-30,15,Low,United Kingdom,United Kingdom
SHN-95BF27AB,"Copiers, Technology, TEC-CO-3686","Canon Fax Machine, Color",1279.32,127.932,253.30535999999998,1660.55736,,Raw Materials,Pending,2012-08-17,15,Low,Germany,Germany
SHN-EC377E11,SuperStore,"Ikea Classic Bookcase, Pine",10327.5,1032.75,2044.845,13405.095,FUR-BO-4850,Raw Materials,Paid,2012-02-23,15,Low,India,India
SHN-0DE28C74,Corey-Lock,"Samsung Smart Phone, Full Size",2294.79,229.479,454.36841999999996,2978.6374199999996,TEC-PH-5840,Raw Materials,Paid,2012-06-19,15,Low,Venezuela,Venezuela
SHN-816AE791,SuperStore,"Samsung Smart Phone, Cordless",639.0,63.900000000000006,126.52199999999999,829.422,TEC-PH-5839,Raw Materials,Paid,2012-03-28,15,Low,Germany,Germany
SHN-B6EE1BD8,SuperStore,"Smead Shelving, Industrial",5905.4400000000005,590.5440000000001,1169.27712,7665.26112,OFF-ST-6058,Raw Materials,Paid,2012-04-10,15,Low,Indonesia,Indonesia
SHN-03B9A928,SuperStore,"Novimex Rocking Chair, Red",7771.5,777.1500000000001,1538.7569999999998,10087.407,FUR-CH-5396,Raw Materials,Paid,2012-11-23,15,Low,Indonesia,Indonesia
